Id,ActivityDay,StepTotal,Day of Week,Calories,SedentaryMinutes,LightlyActiveMinutes,FairlyActiveMinutes,VeryActiveMinutes,SedentaryActiveDistance,LightActiveDistance,ModeratelyActiveDistance,VeryActiveDistance
user_one,4/12/2016,13162,Tuesday,1985,728,328,13,25,0,6.06,0.55,1.88
user_one,4/13/2016,10735,Wednesday,1797,776,217,19,21,0,4.71,0.69,1.57
user_one,4/14/2016,10460,Thursday,1776,1218,181,11,30,0,3.91,0.40,2.44
user_one,4/15/2016,9762,Friday,1745,726,209,34,29,0,2.83,1.26,2.14
user_one,4/16/2016,12669,Saturday,1863,773,221,10,36,0,5.04,0.41,2.71
user_one,4/17/2016,9705,Sunday,1728,539,164,20,38,0,2.51,0.78,3.19
user_one,4/18/2016,13019,Monday,1921,1149,233,16,42,0,4.71,0.64,3.25
user_one,4/19/2016,15506,Tuesday,2035,775,264,31,50,0,5.03,1.32,3.53
user_one,4/20/2016,10544,Wednesday,1786,818,205,12,28,0,4.24,0.48,1.96
user_one,4/21/2016,9819,Thursday,1775,838,211,8,19,0,4.65,0.35,1.34
user_one,4/22/2016,12764,Friday,1827,1217,130,27,66,0,2.24,1.12,4.76
user_one,4/23/2016,14371,Saturday,1949,732,262,21,41,0,5.36,0.87,2.81
user_one,4/24/2016,10039,Sunday,1788,709,238,5,39,0,3.28,0.21,2.92
user_one,4/25/2016,15355,Monday,2013,814,216,14,73,0,3.94,0.57,5.29
user_one,4/26/2016,13755,Tuesday,1970,833,279,23,31,0,5.54,0.92,2.33
user_one,4/27/2016,18134,Wednesday,2159,1108,243,11,78,0,5.41,0.41,6.40
user_one,4/28/2016,13154,Thursday,1898,782,189,28,48,0,3.79,1.16,3.54
user_one,4/29/2016,11181,Friday,1837,815,243,12,16,0,5.58,0.50,1.06
user_one,4/30/2016,14673,Saturday,1947,712,217,34,52,0,4.27,1.42,3.56
user_one,5/1/2016,10602,Sunday,1820,730,246,35,33,0,2.92,1.60,2.29
user_one,5/2/2016,14727,Monday,2004,798,277,15,41,0,5.92,0.57,3.21
user_one,5/3/2016,15103,Tuesday,1990,816,254,24,50,0,4.88,1.05,3.73
user_one,5/4/2016,11100,Wednesday,1819,1179,203,22,36,0,3.82,0.87,2.46
user_one,5/5/2016,14070,Thursday,1959,857,250,24,45,0,4.88,1.08,2.92
user_one,5/6/2016,12159,Friday,1896,754,289,6,24,0,5.81,0.25,1.97
user_one,5/7/2016,11992,Saturday,1821,833,175,46,37,0,3.13,2.12,2.46
user_one,5/8/2016,10060,Sunday,1740,574,203,8,44,0,2.73,0.32,3.53
user_one,5/9/2016,12022,Monday,1819,835,206,11,46,0,3.74,0.53,3.45
user_one,5/10/2016,12207,Tuesday,1859,746,214,31,46,0,3.26,1.16,3.35
user_one,5/11/2016,12770,Wednesday,1783,669,251,23,36,0,4.55,1.01,2.56
user_one,5/12/2016,0,Thursday,0,1440,0,0,0,0,0.00,0.00,0.00
user_two,4/12/2016,8163,Tuesday,1432,1294,146,0,0,0,5.31,0.00,0.00
user_two,4/13/2016,7007,Wednesday,1411,1292,148,0,0,0,4.55,0.00,0.00
user_two,4/14/2016,9107,Thursday,1572,1204,236,0,0,0,5.91,0.00,0.00
user_two,4/15/2016,1510,Friday,1344,1344,96,0,0,0,0.97,0.00,0.00
user_two,4/16/2016,5370,Saturday,1463,1264,176,0,0,0,3.49,0.00,0.00
user_two,4/17/2016,6175,Sunday,1554,1276,127,22,15,0,1.49,1.52,1.03
user_two,4/18/2016,10536,Monday,1604,1214,202,7,17,0,4.62,0.62,2.15
user_two,4/19/2016,2916,Tuesday,1435,1299,141,0,0,0,1.90,0.00,0.00
user_two,4/20/2016,4974,Wednesday,1446,1289,151,0,0,0,3.23,0.00,0.00
user_two,4/21/2016,6349,Thursday,1467,1254,186,0,0,0,4.11,0.00,0.00
user_two,4/22/2016,4026,Friday,1470,1241,199,0,0,0,2.60,0.00,0.00
user_two,4/23/2016,8538,Saturday,1562,1213,227,0,0,0,5.54,0.00,0.00
user_two,4/24/2016,6076,Sunday,1617,1221,185,18,16,0,1.89,0.91,1.15
user_two,4/25/2016,6497,Monday,1492,1238,202,0,0,0,4.20,0.00,0.00
user_two,4/26/2016,2826,Tuesday,1402,1300,140,0,0,0,1.83,0.00,0.00
user_two,4/27/2016,8367,Wednesday,1670,1233,154,36,17,0,2.46,1.87,1.11
user_two,4/28/2016,2759,Thursday,1401,1320,115,5,0,0,1.60,0.20,0.00
user_two,4/29/2016,2390,Friday,1404,1290,150,0,0,0,1.55,0.00,0.00
user_two,4/30/2016,6474,Saturday,1655,1182,224,23,11,0,2.12,1.28,0.90
user_two,5/1/2016,36019,Sunday,2690,1020,171,63,186,0,1.91,4.19,21.92
user_two,5/2/2016,7155,Monday,1497,1261,166,6,7,0,3.47,0.59,0.86
user_two,5/3/2016,2100,Tuesday,1334,1344,96,0,0,0,1.34,0.00,0.00
user_two,5/4/2016,2193,Wednesday,1368,1322,118,0,0,0,1.42,0.00,0.00
user_two,5/5/2016,2470,Thursday,1370,1323,117,0,0,0,1.58,0.00,0.00
user_two,5/6/2016,1727,Friday,1341,1338,102,0,0,0,1.12,0.00,0.00
user_two,5/7/2016,2104,Saturday,1474,1258,182,0,0,0,1.37,0.00,0.00
user_two,5/8/2016,3427,Sunday,1427,1288,152,0,0,0,2.22,0.00,0.00
user_two,5/9/2016,1732,Monday,1328,1349,91,0,0,0,1.13,0.00,0.00
user_two,5/10/2016,2969,Tuesday,1393,1301,139,0,0,0,1.92,0.00,0.00
user_two,5/11/2016,3134,Wednesday,1359,1328,112,0,0,0,2.04,0.00,0.00
user_two,5/12/2016,2971,Thursday,1002,890,107,0,0,0,1.92,0.00,0.00
user_three,4/12/2016,10694,Tuesday,3199,1131,256,51,2,0,5.33,2.30,0.14
user_three,4/13/2016,8001,Wednesday,2902,1259,135,16,30,0,2.64,0.90,2.28
user_three,4/14/2016,11037,Thursday,3226,1125,252,58,5,0,5.10,2.56,0.36
user_three,4/15/2016,5263,Friday,2750,1263,170,4,3,0,3.45,0.15,0.22
user_three,4/16/2016,15300,Saturday,3493,1135,212,42,51,0,5.09,1.88,4.10
user_three,4/17/2016,8757,Sunday,3011,1212,186,13,29,0,3.55,0.57,2.25
user_three,4/18/2016,7132,Monday,2806,1271,121,33,15,0,2.45,1.67,1.07
user_three,4/19/2016,11256,Tuesday,3300,1099,278,58,5,0,5.30,2.53,0.36
user_three,4/20/2016,2436,Wednesday,2430,1315,125,0,0,0,1.76,0.00,0.00
user_three,4/21/2016,1223,Thursday,2140,1402,38,0,0,0,0.88,0.00,0.00
user_three,4/22/2016,3673,Friday,2344,1354,86,0,0,0,2.66,0.00,0.00
user_three,4/23/2016,6637,Saturday,2677,1265,160,15,0,0,4.25,0.58,0.00
user_three,4/24/2016,3321,Sunday,2413,1351,89,0,0,0,2.41,0.00,0.00
user_three,4/25/2016,3580,Monday,2497,1337,94,1,8,0,1.95,0.06,0.59
user_three,4/26/2016,9919,Tuesday,3123,1165,223,41,11,0,4.69,1.72,0.80
user_three,4/27/2016,3032,Wednesday,2489,1322,118,0,0,0,2.20,0.00,0.00
user_three,4/28/2016,9405,Thursday,3108,1157,227,53,3,0,4.31,2.32,0.20
user_three,4/29/2016,3176,Friday,2498,1193,120,0,0,0,2.31,0.00,0.00
user_three,4/30/2016,18213,Saturday,3846,816,402,71,9,0,9.46,3.14,0.63
user_three,5/1/2016,6132,Sunday,2696,908,146,24,3,0,3.23,0.99,0.24
user_three,5/2/2016,3758,Monday,2580,682,148,7,1,0,2.35,0.31,0.07
user_three,5/3/2016,12850,Tuesday,3324,1115,221,94,10,0,4.54,4.09,0.72
user_three,5/4/2016,2309,Wednesday,2222,1388,52,0,0,0,1.66,0.00,0.00
user_three,5/5/2016,4363,Thursday,2463,1341,81,12,6,0,2.13,0.54,0.52
user_three,5/6/2016,9787,Friday,3328,1054,369,6,11,0,6.01,0.27,0.82
user_three,5/7/2016,13372,Saturday,3404,1139,243,17,41,0,5.67,0.79,3.26
user_three,5/8/2016,6724,Sunday,2987,991,295,0,0,0,4.88,0.00,0.00
user_three,5/9/2016,6643,Monday,3008,1099,303,6,32,0,2.09,0.35,2.39
user_three,5/10/2016,9167,Tuesday,2799,1254,155,19,12,0,4.97,0.81,0.88
user_three,5/11/2016,1329,Wednesday,1276,713,49,0,0,0,0.95,0.00,0.00
user_four,4/12/2016,6697,Tuesday,2030,1101,339,0,0,0,4.43,0.00,0.00
user_four,4/13/2016,4929,Wednesday,1860,1192,248,0,0,0,3.26,0.00,0.00
user_four,4/14/2016,7937,Thursday,2130,843,373,0,0,0,5.23,0.00,0.00
user_four,4/15/2016,3844,Friday,1725,527,176,0,0,0,2.54,0.00,0.00
user_four,4/16/2016,3414,Saturday,1657,1293,147,0,0,0,2.26,0.00,0.00
user_four,4/17/2016,4525,Sunday,1793,1231,199,8,2,0,2.59,0.26,0.14
user_four,4/18/2016,4597,Monday,1814,1211,217,12,0,0,2.56,0.48,0.00
user_four,4/19/2016,197,Tuesday,1366,1430,10,0,0,0,0.13,0.00,0.00
user_four,4/20/2016,8,Wednesday,1349,1439,1,0,0,0,0.01,0.00,0.00
user_four,4/21/2016,8054,Thursday,2062,1117,308,13,2,0,4.68,0.52,0.12
user_four,4/22/2016,5372,Friday,1827,1220,220,0,0,0,3.55,0.00,0.00
user_four,4/23/2016,3570,Saturday,1645,1301,139,0,0,0,2.36,0.00,0.00
user_four,4/24/2016,0,Sunday,1347,1440,0,0,0,0,0.00,0.00,0.00
user_four,4/25/2016,0,Monday,1347,1440,0,0,0,0,0.00,0.00,0.00
user_four,4/26/2016,0,Tuesday,1347,1440,0,0,0,0,0.00,0.00,0.00
user_four,4/27/2016,4,Wednesday,1348,1439,1,0,0,0,0.00,0.00,0.00
user_four,4/28/2016,6907,Thursday,1992,1138,302,0,0,0,4.56,0.00,0.00
user_four,4/29/2016,4920,Friday,1856,1082,247,0,0,0,3.25,0.00,0.00
user_four,4/30/2016,4014,Saturday,1763,218,184,0,0,0,2.65,0.00,0.00
user_four,5/1/2016,2573,Sunday,1541,585,75,7,0,0,1.45,0.26,0.00
user_four,5/2/2016,0,Monday,1348,1440,0,0,0,0,0.00,0.00,0.00
user_four,5/3/2016,4059,Tuesday,1742,1256,184,0,0,0,2.68,0.00,0.00
user_four,5/4/2016,2080,Wednesday,1549,1353,87,0,0,0,1.37,0.00,0.00
user_four,5/5/2016,2237,Thursday,1589,1320,120,0,0,0,1.48,0.00,0.00
user_four,5/6/2016,44,Friday,1351,1438,2,0,0,0,0.03,0.00,0.00
user_four,5/7/2016,0,Saturday,1347,1440,0,0,0,0,0.00,0.00,0.00
user_four,5/8/2016,0,Sunday,1347,1440,0,0,0,0,0.00,0.00,0.00
user_four,5/9/2016,0,Monday,1347,1440,0,0,0,0,0.00,0.00,0.00
user_four,5/10/2016,0,Tuesday,1347,1440,0,0,0,0,0.00,0.00,0.00
user_four,5/11/2016,0,Wednesday,1347,1440,0,0,0,0,0.00,0.00,0.00
user_four,5/12/2016,0,Thursday,665,711,0,0,0,0,0.00,0.00,0.00
user_five,4/12/2016,678,Tuesday,2220,734,55,0,0,0,0.47,0.00,0.00
user_five,4/13/2016,356,Wednesday,2151,986,32,0,0,0,0.25,0.00,0.00
user_five,4/14/2016,2163,Thursday,2383,1292,88,9,0,0,1.10,0.40,0.00
user_five,4/15/2016,980,Friday,2221,941,51,0,0,0,0.68,0.00,0.00
user_five,4/16/2016,0,Saturday,2064,1440,0,0,0,0,0.00,0.00,0.00
user_five,4/17/2016,0,Sunday,2063,1440,0,0,0,0,0.00,0.00,0.00
user_five,4/18/2016,244,Monday,2111,1423,17,0,0,0,0.17,0.00,0.00
user_five,4/19/2016,0,Tuesday,2063,1440,0,0,0,0,0.00,0.00,0.00
user_five,4/20/2016,0,Wednesday,2063,1440,0,0,0,0,0.00,0.00,0.00
user_five,4/21/2016,0,Thursday,2064,1440,0,0,0,0,0.00,0.00,0.00
user_five,4/22/2016,149,Friday,2093,1430,10,0,0,0,0.10,0.00,0.00
user_five,4/23/2016,2945,Saturday,2499,1295,145,0,0,0,2.04,0.00,0.00
user_five,4/24/2016,2090,Sunday,2324,1358,75,6,1,0,1.14,0.24,0.07
user_five,4/25/2016,152,Monday,2100,1303,12,0,0,0,0.11,0.00,0.00
user_five,4/26/2016,3761,Tuesday,2638,1058,192,0,0,0,2.60,0.00,0.00
user_five,4/27/2016,0,Wednesday,2063,1440,0,0,0,0,0.00,0.00,0.00
user_five,4/28/2016,1675,Thursday,2351,1167,95,0,0,0,1.16,0.00,0.00
user_five,4/29/2016,0,Friday,2063,1440,0,0,0,0,0.00,0.00,0.00
user_five,4/30/2016,0,Saturday,2064,1440,0,0,0,0,0.00,0.00,0.00
user_five,5/1/2016,2704,Sunday,2411,1355,70,1,14,0,0.83,0.03,1.01
user_five,5/2/2016,3790,Monday,2505,1322,94,8,16,0,1.16,0.30,1.16
user_five,5/3/2016,1326,Tuesday,2195,1413,17,0,10,0,0.18,0.00,0.73
user_five,5/4/2016,1786,Wednesday,2338,1353,87,0,0,0,1.24,0.00,0.00
user_five,5/5/2016,0,Thursday,2063,1440,0,0,0,0,0.00,0.00,0.00
user_five,5/6/2016,2091,Friday,2383,1332,108,0,0,0,1.45,0.00,0.00
user_five,5/7/2016,1510,Saturday,2229,1392,48,0,0,0,1.04,0.00,0.00
user_five,5/8/2016,0,Sunday,2063,1440,0,0,0,0,0.00,0.00,0.00
user_five,5/9/2016,0,Monday,2063,1440,0,0,0,0,0.00,0.00,0.00
user_five,5/10/2016,0,Tuesday,2063,1440,0,0,0,0,0.00,0.00,0.00
user_five,5/11/2016,0,Wednesday,2063,1440,0,0,0,0,0.00,0.00,0.00
user_five,5/12/2016,0,Thursday,1383,966,0,0,0,0,0.00,0.00,0.00
user_six,4/12/2016,11875,Tuesday,2390,1157,227,14,42,0,4.26,0.77,3.31
user_six,4/13/2016,12024,Wednesday,2601,1100,292,5,43,0,5.41,0.10,2.99
user_six,4/14/2016,10690,Thursday,2312,1148,257,3,32,0,4.82,0.21,2.48
user_six,4/15/2016,11034,Friday,2525,1122,282,9,27,0,5.78,0.31,1.94
user_six,4/16/2016,10100,Saturday,2177,1237,151,11,41,0,3.39,0.55,3.15
user_six,4/17/2016,15112,Sunday,2782,1052,331,29,28,0,6.88,0.66,3.87
user_six,4/18/2016,14131,Monday,2770,1078,311,3,48,0,6.30,0.12,3.64
user_six,4/19/2016,11548,Tuesday,2489,1152,250,7,31,0,5.00,0.24,3.29
user_six,4/20/2016,15112,Wednesday,2897,1053,276,63,48,0,5.40,1.93,3.34
user_six,4/21/2016,12453,Thursday,3158,1028,255,53,104,0,4.31,1.11,3.33
user_six,4/22/2016,12954,Friday,2638,1105,273,10,52,0,4.47,0.42,4.43
user_six,4/23/2016,6001,Saturday,2069,1191,249,0,0,0,4.21,0.00,0.00
user_six,4/24/2016,13481,Sunday,2529,1161,216,26,37,0,4.58,1.15,4.55
user_six,4/25/2016,11369,Monday,2470,1171,217,8,44,0,4.46,0.22,3.33
user_six,4/26/2016,10119,Tuesday,2793,1086,275,24,55,0,5.11,0.66,1.43
user_six,4/27/2016,10159,Wednesday,2463,1119,282,20,19,0,5.12,0.97,1.04
user_six,4/28/2016,10140,Thursday,2296,1123,291,20,6,0,5.39,1.33,0.41
user_six,4/29/2016,10245,Friday,2611,1098,281,40,21,0,5.50,1.21,0.48
user_six,4/30/2016,18387,Saturday,2732,1043,361,23,13,0,10.57,1.40,0.94
user_six,5/1/2016,10538,Sunday,2380,1142,245,28,25,0,4.50,0.96,1.94
user_six,5/2/2016,10379,Monday,2473,1119,277,8,36,0,4.33,0.34,2.61
user_six,5/3/2016,12183,Tuesday,2752,1104,250,14,72,0,4.28,0.46,3.99
user_six,5/4/2016,11768,Wednesday,2649,1105,272,27,36,0,4.85,0.93,2.51
user_six,5/5/2016,11895,Thursday,2609,1112,253,20,55,0,4.70,0.86,2.79
user_six,5/6/2016,10227,Friday,2498,1104,295,17,24,0,4.64,0.67,1.87
user_six,5/7/2016,6708,Saturday,1995,1269,149,2,20,0,3.02,0.08,1.61
user_six,5/8/2016,3292,Sunday,1848,1305,135,0,0,0,2.31,0.00,0.00
user_six,5/9/2016,13379,Monday,2709,1061,297,47,35,0,5.64,1.63,2.12
user_six,5/10/2016,12798,Tuesday,2797,1084,271,28,57,0,5.56,1.21,2.22
user_six,5/11/2016,13272,Wednesday,2544,1133,224,25,58,0,3.99,1.15,4.18
user_six,5/12/2016,9117,Thursday,1853,728,236,16,16,0,4.44,0.67,1.28
user_seven,4/12/2016,4414,Tuesday,1459,706,181,8,3,0,2.20,0.35,0.19
user_seven,4/13/2016,4993,Wednesday,1521,663,238,0,0,0,3.10,0.00,0.00
user_seven,4/14/2016,3335,Thursday,1431,653,197,0,0,0,2.05,0.00,0.00
user_seven,4/15/2016,3821,Friday,1444,687,188,0,0,0,2.37,0.00,0.00
user_seven,4/16/2016,2547,Saturday,1373,728,150,0,0,0,1.58,0.00,0.00
user_seven,4/17/2016,838,Sunday,1214,1053,60,0,0,0,0.52,0.00,0.00
user_seven,4/18/2016,3325,Monday,1419,1062,182,0,0,0,2.06,0.00,0.00
user_seven,4/19/2016,2424,Tuesday,1356,785,141,0,0,0,1.50,0.00,0.00
user_seven,4/20/2016,7222,Wednesday,1667,623,327,0,0,0,4.48,0.00,0.00
user_seven,4/21/2016,2467,Thursday,1370,749,153,0,0,0,1.53,0.00,0.00
user_seven,4/22/2016,2915,Friday,1399,712,162,0,0,0,1.81,0.00,0.00
user_seven,4/23/2016,12357,Saturday,1916,458,432,0,0,0,7.71,0.00,0.00
user_seven,4/24/2016,3490,Sunday,1401,704,164,0,0,0,2.16,0.00,0.00
user_seven,4/25/2016,6017,Monday,1576,821,260,0,0,0,3.73,0.00,0.00
user_seven,4/26/2016,5933,Tuesday,1595,1018,288,0,0,0,3.68,0.00,0.00
user_seven,4/27/2016,6088,Wednesday,1593,586,286,0,0,0,3.77,0.00,0.00
user_seven,4/28/2016,6375,Thursday,1649,626,331,0,0,0,3.95,0.00,0.00
user_seven,4/29/2016,7604,Friday,1692,492,352,0,0,0,4.71,0.00,0.00
user_seven,4/30/2016,4729,Saturday,1506,594,233,0,0,0,2.93,0.00,0.00
user_seven,5/1/2016,3609,Sunday,1447,716,191,0,0,0,2.28,0.00,0.00
user_seven,5/2/2016,7018,Monday,1690,716,355,0,0,0,4.35,0.00,0.00
user_seven,5/3/2016,5992,Tuesday,1604,981,304,0,0,0,3.72,0.00,0.00
user_seven,5/4/2016,6564,Wednesday,1658,530,345,0,0,0,4.07,0.00,0.00
user_seven,5/5/2016,12167,Thursday,1926,479,475,0,0,0,7.54,0.00,0.00
user_seven,5/6/2016,8198,Friday,1736,511,383,0,0,0,5.08,0.00,0.00
user_seven,5/7/2016,4193,Saturday,1491,665,229,0,0,0,2.60,0.00,0.00
user_seven,5/8/2016,5528,Sunday,1555,610,258,0,0,0,3.45,0.00,0.00
user_seven,5/9/2016,10685,Monday,1869,543,401,0,0,0,6.60,0.00,0.00
user_seven,5/10/2016,254,Tuesday,1141,1002,17,0,0,0,0.16,0.00,0.00
user_seven,5/11/2016,8580,Wednesday,1698,569,330,0,0,0,5.32,0.00,0.00
user_seven,5/12/2016,8891,Thursday,1364,330,343,0,0,0,5.51,0.00,0.00
user_eight,4/12/2016,10725,Tuesday,2124,1112,306,9,13,0,6.01,0.31,1.17
user_eight,4/13/2016,7275,Wednesday,2003,1105,335,0,0,0,4.90,0.00,0.00
user_eight,4/14/2016,3973,Thursday,1696,1249,191,0,0,0,2.68,0.00,0.00
user_eight,4/15/2016,5205,Friday,1801,1195,245,0,0,0,3.51,0.00,0.00
user_eight,4/16/2016,5057,Saturday,1724,1245,195,0,0,0,3.40,0.00,0.00
user_eight,4/17/2016,6198,Sunday,1852,1191,249,0,0,0,4.18,0.00,0.00
user_eight,4/18/2016,6559,Monday,1905,1173,260,7,0,0,4.14,0.26,0.00
user_eight,4/19/2016,5997,Tuesday,1811,1201,228,11,0,0,3.66,0.38,0.00
user_eight,4/20/2016,7192,Wednesday,1922,1146,283,11,0,0,4.34,0.49,0.00
user_eight,4/21/2016,3404,Thursday,1610,1302,127,10,1,0,1.81,0.42,0.06
user_eight,4/22/2016,5583,Friday,1851,1174,266,0,0,0,3.76,0.00,0.00
user_eight,4/23/2016,5079,Saturday,1804,1129,242,0,0,0,3.42,0.00,0.00
user_eight,4/24/2016,4165,Sunday,1725,1236,204,0,0,0,2.80,0.00,0.00
user_eight,4/25/2016,3588,Monday,1654,1280,152,5,3,0,1.99,0.20,0.23
user_eight,4/26/2016,3409,Tuesday,1632,1293,147,0,0,0,2.30,0.00,0.00
user_eight,4/27/2016,1715,Wednesday,1481,1358,82,0,0,0,1.16,0.00,0.00
user_eight,4/28/2016,1532,Thursday,1473,1364,76,0,0,0,1.03,0.00,0.00
user_eight,4/29/2016,924,Friday,1410,1395,45,0,0,0,0.62,0.00,0.00
user_eight,4/30/2016,4571,Saturday,1779,1206,234,0,0,0,3.07,0.00,0.00
user_eight,5/1/2016,772,Sunday,1403,1400,40,0,0,0,0.52,0.00,0.00
user_eight,5/2/2016,3634,Monday,1613,1306,123,6,5,0,1.88,0.21,0.36
user_eight,5/3/2016,7443,Tuesday,1878,1204,206,10,20,0,3.16,0.37,1.49
user_eight,5/4/2016,1201,Wednesday,1426,1388,52,0,0,0,0.81,0.00,0.00
user_eight,5/5/2016,5202,Thursday,1780,1206,223,11,0,0,3.11,0.39,0.00
user_eight,5/6/2016,4878,Friday,1742,1236,204,0,0,0,3.29,0.00,0.00
user_eight,5/7/2016,7379,Saturday,1972,1121,319,0,0,0,4.97,0.00,0.00
user_eight,5/8/2016,5161,Sunday,1821,1193,247,0,0,0,3.47,0.00,0.00
user_eight,5/9/2016,3090,Monday,1630,1295,145,0,0,0,2.08,0.00,0.00
user_eight,5/10/2016,6227,Tuesday,1899,1150,290,0,0,0,4.20,0.00,0.00
user_eight,5/11/2016,6424,Wednesday,1903,1140,300,0,0,0,4.33,0.00,0.00
user_eight,5/12/2016,2661,Thursday,1125,830,128,0,0,0,1.79,0.00,0.00
user_nine,4/12/2016,10113,Tuesday,2344,964,320,13,28,0,4.20,0.62,2.00
user_nine,4/13/2016,10352,Wednesday,2038,676,195,32,19,0,3.41,1.94,1.66
user_nine,4/14/2016,10129,Thursday,2010,705,206,48,1,0,3.94,2.74,0.02
user_nine,4/15/2016,10465,Friday,2133,720,284,24,1,0,5.43,1.42,0.07
user_nine,4/16/2016,22244,Saturday,2670,968,268,72,66,0,5.53,4.10,5.45
user_nine,4/17/2016,5472,Sunday,1882,508,249,7,1,0,3.26,0.28,0.08
user_nine,4/18/2016,8247,Monday,1944,678,206,16,11,0,3.79,0.86,0.79
user_nine,4/19/2016,6711,Tuesday,2346,648,382,7,0,0,4.44,0.00,0.00
user_nine,4/20/2016,10999,Wednesday,2198,1011,269,43,11,0,4.78,1.81,0.68
user_nine,4/21/2016,10080,Thursday,2048,761,208,26,23,0,3.38,1.53,1.85
user_nine,4/22/2016,7804,Friday,1946,781,206,27,9,0,2.92,1.68,0.56
user_nine,4/23/2016,16901,Saturday,2629,591,360,35,32,0,7.15,1.45,2.78
user_nine,4/24/2016,9471,Sunday,2187,584,360,0,0,0,6.26,0.00,0.00
user_nine,4/25/2016,9482,Monday,2095,653,277,11,15,0,4.60,0.52,1.27
user_nine,4/26/2016,5980,Tuesday,1861,732,227,0,0,0,3.95,0.00,0.00
user_nine,4/27/2016,11423,Wednesday,2194,623,295,9,26,0,5.32,0.40,1.86
user_nine,4/28/2016,5439,Thursday,1854,764,229,0,0,0,3.60,0.00,0.00
user_nine,4/29/2016,42,Friday,403,2,4,0,0,0,0.03,0.00,0.00
user_ten,4/12/2016,8796,Tuesday,1982,1061,356,21,2,0,4.88,0.93,0.11
user_ten,4/13/2016,7618,Wednesday,2004,1028,404,8,0,0,4.88,0.22,0.00
user_ten,4/14/2016,7910,Thursday,1893,1109,331,0,0,0,5.32,0.00,0.00
user_ten,4/15/2016,8482,Friday,2063,992,448,0,0,0,5.69,0.00,0.00
user_ten,4/16/2016,9685,Saturday,2148,1087,305,1,47,0,3.51,0.02,3.11
user_ten,4/17/2016,2524,Sunday,1529,1272,160,8,0,0,1.34,0.35,0.00
user_ten,4/18/2016,7762,Monday,1890,1122,311,6,1,0,4.89,0.28,0.07
user_ten,4/19/2016,7948,Tuesday,1956,1051,389,0,0,0,5.36,0.00,0.00
user_ten,4/20/2016,9202,Wednesday,2094,1035,378,5,22,0,4.66,0.12,1.51
user_ten,4/21/2016,8859,Thursday,1970,1057,371,10,2,0,5.47,0.37,0.13
user_ten,4/22/2016,7286,Friday,2241,1028,366,0,46,0,4.42,0.00,0.46
user_ten,4/23/2016,9317,Saturday,2021,1077,330,5,28,0,4.02,0.23,2.09
user_ten,4/24/2016,6873,Sunday,1898,1203,190,1,46,0,1.62,0.06,3.00
user_ten,4/25/2016,7373,Monday,1907,1081,359,0,0,0,4.95,0.00,0.00
user_ten,4/26/2016,8242,Tuesday,1882,1124,309,5,2,0,5.24,0.18,0.12
user_ten,4/27/2016,3516,Wednesday,1966,1197,197,0,46,0,2.36,0.00,0.00
user_ten,4/28/2016,7913,Thursday,1835,1192,213,7,28,0,2.91,0.34,2.16
user_ten,4/29/2016,7365,Friday,1780,1191,206,23,20,0,2.18,1.41,1.36
user_ten,4/30/2016,8452,Saturday,1830,1167,248,20,5,0,4.26,1.08,0.33
user_ten,5/1/2016,7399,Sunday,1739,1219,196,18,7,0,3.44,1.04,0.49
user_ten,5/2/2016,7525,Monday,1878,1099,334,7,0,0,4.83,0.21,0.00
user_ten,5/3/2016,7412,Tuesday,1906,1070,363,6,1,0,4.66,0.25,0.06
user_ten,5/4/2016,8278,Wednesday,2015,1020,420,0,0,0,5.56,0.00,0.00
user_ten,5/5/2016,8314,Thursday,1971,1093,311,23,13,0,4.03,0.80,0.78
user_ten,5/6/2016,7063,Friday,1910,1065,370,5,0,0,4.61,0.12,0.00
user_ten,5/7/2016,4940,Saturday,1897,1302,52,11,75,0,0.55,0.55,2.28
user_ten,5/8/2016,8168,Sunday,2096,1068,326,0,46,0,2.64,0.00,2.90
user_ten,5/9/2016,7726,Monday,1906,1095,345,0,0,0,5.19,0.00,0.00
user_ten,5/10/2016,8275,Tuesday,1962,1067,373,0,0,0,5.55,0.00,0.00
user_ten,5/11/2016,6440,Wednesday,1826,1121,319,0,0,0,4.32,0.00,0.00
user_ten,5/12/2016,7566,Thursday,1431,720,268,0,0,0,5.11,0.00,0.00
user_eleven,4/12/2016,4747,Tuesday,1788,1160,280,0,0,0,3.23,0.00,0.00
user_eleven,4/13/2016,9715,Wednesday,2093,1045,371,8,16,0,5.27,0.34,0.99
user_eleven,4/14/2016,8844,Thursday,2065,1039,370,25,6,0,4.65,1.03,0.34
user_eleven,4/15/2016,7451,Friday,1908,1105,335,0,0,0,5.06,0.00,0.00
user_eleven,4/16/2016,6905,Saturday,1908,1084,356,0,0,0,4.70,0.00,0.00
user_eleven,4/17/2016,8199,Sunday,1964,1105,322,2,11,0,4.36,0.10,1.41
user_eleven,4/18/2016,6798,Monday,2014,1070,343,7,20,0,3.35,0.20,1.08
user_eleven,4/19/2016,7711,Tuesday,1985,1064,376,0,0,0,5.24,0.00,0.00
user_eleven,4/20/2016,4880,Wednesday,1867,1148,274,3,15,0,2.38,0.09,0.84
user_eleven,4/21/2016,8857,Thursday,2124,1037,376,9,18,0,4.64,0.26,1.15
user_eleven,4/22/2016,3843,Friday,1669,1234,206,0,0,0,2.61,0.00,0.00
user_eleven,4/23/2016,7396,Saturday,1995,1115,303,2,20,0,3.58,0.08,1.40
user_eleven,4/24/2016,6731,Sunday,1921,1127,292,7,14,0,3.49,0.19,0.89
user_eleven,4/25/2016,5995,Monday,2010,1024,416,0,0,0,4.09,0.00,0.00
user_eleven,4/26/2016,8283,Tuesday,2057,1083,333,2,22,0,3.87,0.05,1.85
user_eleven,4/27/2016,7904,Wednesday,2095,1057,346,13,24,0,3.19,0.63,1.58
user_eleven,4/28/2016,5512,Thursday,1972,1055,385,0,0,0,3.76,0.00,0.00
user_eleven,4/29/2016,9135,Friday,2044,1038,402,0,0,0,6.22,0.00,0.00
user_eleven,4/30/2016,5250,Saturday,1946,1119,300,4,17,0,2.42,0.09,1.06
user_eleven,5/1/2016,3077,Sunday,1237,842,172,0,0,0,2.09,0.00,0.00
user_twelve,4/12/2016,8856,Tuesday,1450,777,131,19,44,0,2.01,0.91,3.06
user_twelve,4/13/2016,10035,Wednesday,1495,754,153,46,31,0,2.55,2.13,2.03
user_twelve,4/14/2016,7641,Thursday,1433,801,214,23,5,0,3.82,0.97,0.32
user_twelve,4/15/2016,9010,Friday,1468,644,183,42,15,0,3.26,1.75,1.05
user_twelve,4/16/2016,13459,Saturday,1625,663,153,83,31,0,2.97,4.00,2.03
user_twelve,4/17/2016,10415,Sunday,1529,600,205,58,11,0,3.92,2.35,0.70
user_twelve,4/18/2016,11663,Monday,1584,605,214,95,4,0,3.82,3.73,0.25
user_twelve,4/19/2016,12414,Tuesday,1638,738,221,67,19,0,3.96,2.45,2.24
user_twelve,4/20/2016,11658,Wednesday,1554,845,164,98,2,0,3.28,4.35,0.20
user_twelve,4/21/2016,6093,Thursday,1397,712,242,0,0,0,4.06,0.00,0.00
user_twelve,4/22/2016,8911,Friday,1481,731,188,12,33,0,3.06,0.58,2.33
user_twelve,4/23/2016,12058,Saturday,1638,724,252,92,0,0,3.85,4.22,0.00
user_twelve,4/24/2016,14112,Sunday,1655,660,129,95,30,0,2.17,4.56,3.27
user_twelve,4/25/2016,11177,Monday,1570,781,133,9,50,0,2.41,0.43,5.62
user_twelve,4/26/2016,11388,Tuesday,1551,797,170,95,7,0,2.95,4.22,0.45
user_twelve,4/27/2016,7193,Wednesday,1377,714,176,10,0,0,4.62,0.42,0.00
user_twelve,4/28/2016,7114,Thursday,1407,804,190,8,15,0,3.22,0.29,1.37
user_twelve,4/29/2016,10645,Friday,1545,744,150,32,36,0,2.71,1.30,3.74
user_twelve,4/30/2016,13238,Saturday,1650,687,194,52,43,0,3.41,2.10,3.69
user_twelve,5/1/2016,10414,Sunday,1501,691,124,40,41,0,2.41,1.98,2.67
user_twelve,5/2/2016,16520,Monday,1760,713,176,143,24,0,3.02,6.48,1.54
user_twelve,5/3/2016,14335,Tuesday,1710,594,258,41,47,0,4.53,1.74,3.32
user_twelve,5/4/2016,13559,Wednesday,1628,852,142,96,14,0,2.89,4.58,1.81
user_twelve,5/5/2016,12312,Thursday,1618,680,178,88,14,0,2.71,4.11,1.76
user_twelve,5/6/2016,11677,Friday,1590,676,168,55,29,0,2.67,2.51,3.11
user_twelve,5/7/2016,11550,Saturday,1574,703,208,86,0,0,3.59,4.13,0.00
user_twelve,5/8/2016,13585,Sunday,1633,688,171,116,9,0,3.17,5.24,0.68
user_twelve,5/9/2016,14687,Monday,1667,1159,151,122,8,0,3.55,5.60,0.77
user_twelve,5/10/2016,13072,Tuesday,1630,676,196,115,1,0,3.31,5.40,0.07
user_twelve,5/11/2016,746,Wednesday,52,13,9,0,4,0,0.13,0.00,0.37
user_thirteen,4/12/2016,8539,Tuesday,3654,712,331,15,4,0,5.68,0.24,0.15
user_thirteen,4/13/2016,0,Wednesday,1981,1440,0,0,0,0,0.00,0.00,0.00
user_thirteen,4/14/2016,108,Thursday,2011,1437,3,0,0,0,0.03,0.00,0.00
user_thirteen,4/15/2016,1882,Friday,2951,1299,87,18,36,0,0.77,0.36,0.21
user_thirteen,4/16/2016,1982,Saturday,3051,1222,55,21,65,0,0.59,0.37,0.45
user_thirteen,4/17/2016,16,Sunday,1990,1438,2,0,0,0,0.01,0.00,0.00
user_thirteen,4/18/2016,62,Monday,1995,1438,2,0,0,0,0.04,0.00,0.00
user_thirteen,4/19/2016,0,Tuesday,1980,1440,0,0,0,0,0.00,0.00,0.00
user_thirteen,4/20/2016,0,Wednesday,1980,1440,0,0,0,0,0.00,0.00,0.00
user_thirteen,4/21/2016,0,Thursday,1980,1440,0,0,0,0,0.00,0.00,0.00
user_thirteen,4/22/2016,0,Friday,1980,1440,0,0,0,0,0.00,0.00,0.00
user_thirteen,4/23/2016,0,Saturday,1980,1440,0,0,0,0,0.00,0.00,0.00
user_thirteen,4/24/2016,0,Sunday,1980,1440,0,0,0,0,0.00,0.00,0.00
user_thirteen,4/25/2016,0,Monday,1980,1440,0,0,0,0,0.00,0.00,0.00
user_thirteen,4/26/2016,0,Tuesday,1980,1440,0,0,0,0,0.00,0.00,0.00
user_thirteen,4/27/2016,0,Wednesday,1980,1440,0,0,0,0,0.00,0.00,0.00
user_thirteen,4/28/2016,0,Thursday,1980,1440,0,0,0,0,0.00,0.00,0.00
user_thirteen,4/29/2016,0,Friday,1980,1440,0,0,0,0,0.00,0.00,0.00
user_thirteen,4/30/2016,0,Saturday,1980,1440,0,0,0,0,0.00,0.00,0.00
user_thirteen,5/1/2016,0,Sunday,1980,1440,0,0,0,0,0.00,0.00,0.00
user_thirteen,5/2/2016,475,Monday,2207,1350,31,11,0,0,0.29,0.04,0.00
user_thirteen,5/3/2016,4496,Tuesday,2828,950,174,0,0,0,3.15,0.00,0.00
user_thirteen,5/4/2016,10252,Wednesday,3879,531,346,46,13,0,5.58,1.04,0.67
user_thirteen,5/5/2016,11728,Thursday,3429,916,196,42,38,0,4.04,1.68,2.62
user_thirteen,5/6/2016,4369,Friday,2704,855,177,0,0,0,3.10,0.00,0.00
user_thirteen,5/7/2016,6132,Saturday,2975,1256,184,0,0,0,3.58,0.00,0.00
user_thirteen,5/8/2016,5862,Sunday,3089,775,263,0,0,0,4.15,0.00,0.00
user_thirteen,5/9/2016,4556,Monday,2785,1225,173,5,3,0,2.94,0.12,0.20
user_thirteen,5/10/2016,5546,Tuesday,2926,774,206,0,0,0,3.87,0.00,0.00
user_thirteen,5/11/2016,3689,Wednesday,2645,1296,134,8,2,0,2.33,0.17,0.11
user_thirteen,5/12/2016,590,Thursday,1120,721,21,0,0,0,0.41,0.00,0.00
user_fourteen,4/12/2016,5394,Tuesday,2286,1276,164,0,0,0,3.94,0.00,0.00
user_fourteen,4/13/2016,5974,Wednesday,2306,1280,160,0,0,0,4.37,0.00,0.00
user_fourteen,4/14/2016,0,Thursday,1776,1440,0,0,0,0,0.00,0.00,0.00
user_fourteen,4/15/2016,3984,Friday,1527,873,88,6,3,0,2.44,0.26,0.21
user_fifteen,4/12/2016,7753,Tuesday,2115,1440,0,0,0,0,0.00,0.00,0.00
user_fifteen,4/13/2016,8204,Wednesday,2135,1234,96,15,8,0,1.31,0.59,0.53
user_fifteen,4/14/2016,10210,Thursday,2302,589,339,9,1,0,6.44,0.33,0.11
user_fifteen,4/15/2016,5664,Friday,1985,752,228,0,0,0,3.80,0.00,0.00
user_fifteen,4/16/2016,4744,Saturday,1884,724,194,0,0,0,3.18,0.00,0.00
user_fifteen,4/17/2016,29,Sunday,1464,1363,3,0,0,0,0.02,0.00,0.00
user_fifteen,4/18/2016,2276,Monday,1632,824,58,9,1,0,1.12,0.33,0.07
user_fifteen,4/19/2016,8925,Tuesday,2200,604,311,0,0,0,5.99,0.00,0.00
user_fifteen,4/20/2016,8954,Wednesday,2220,671,306,18,0,0,5.31,0.68,0.00
user_fifteen,4/21/2016,3702,Thursday,1792,1265,34,0,0,0,0.35,0.00,0.00
user_fifteen,4/22/2016,4500,Friday,1886,709,176,19,1,0,2.15,0.81,0.06
user_fifteen,4/23/2016,4935,Saturday,1945,546,233,0,0,0,3.31,0.00,0.00
user_fifteen,4/24/2016,4081,Sunday,1880,692,191,5,1,0,2.47,0.20,0.06
user_fifteen,4/25/2016,9259,Monday,2314,544,390,8,0,0,5.93,0.28,0.00
user_fifteen,4/26/2016,9899,Tuesday,2236,649,288,21,8,0,5.15,0.92,0.57
user_fifteen,4/27/2016,10780,Wednesday,2324,680,300,47,6,0,4.91,1.92,0.41
user_fifteen,4/28/2016,10817,Thursday,2367,552,359,8,13,0,5.94,0.33,1.01
user_fifteen,4/29/2016,7990,Friday,2175,624,289,18,6,0,4.12,0.79,0.45
user_fifteen,4/30/2016,8221,Saturday,2092,695,196,38,6,0,3.51,1.61,0.40
user_fifteen,5/1/2016,1251,Sunday,1593,836,67,0,0,0,0.84,0.00,0.00
user_fifteen,5/2/2016,9261,Monday,2270,585,344,11,0,0,5.71,0.44,0.00
user_fifteen,5/3/2016,9648,Tuesday,2235,669,287,26,8,0,4.83,1.07,0.58
user_fifteen,5/4/2016,10429,Wednesday,2282,1106,313,13,8,0,5.85,0.58,0.59
user_fifteen,5/5/2016,13658,Thursday,2530,957,328,34,27,0,5.45,1.41,2.63
user_fifteen,5/6/2016,9524,Friday,2266,692,314,11,6,0,5.46,0.47,0.41
user_fifteen,5/7/2016,7937,Saturday,2158,586,279,28,3,0,4.08,1.05,0.19
user_fifteen,5/8/2016,3672,Sunday,1792,603,153,0,0,0,2.46,0.00,0.00
user_fifteen,5/9/2016,10378,Monday,2345,490,374,14,2,0,6.25,0.56,0.14
user_fifteen,5/10/2016,9487,Tuesday,2260,555,329,12,3,0,5.70,0.46,0.21
user_fifteen,5/11/2016,9129,Wednesday,2232,574,311,18,3,0,5.18,0.74,0.20
user_fifteen,5/12/2016,17,Thursday,257,0,2,0,0,0,0.01,0.00,0.00
user_sixteen,4/12/2016,10122,Tuesday,2955,1440,0,0,0,0,0.00,0.00,0.00
user_sixteen,4/13/2016,10993,Wednesday,3092,1275,150,14,1,0,3.88,0.63,0.06
user_sixteen,4/14/2016,8863,Thursday,2998,945,219,35,10,0,5.62,1.07,0.13
user_sixteen,4/15/2016,8758,Friday,3066,837,299,0,0,0,6.73,0.00,0.00
user_sixteen,4/16/2016,6580,Saturday,3073,609,253,9,6,0,4.45,0.40,0.21
user_sixteen,4/17/2016,4660,Sunday,2572,721,201,0,0,0,3.58,0.00,0.00
user_sixteen,4/18/2016,11009,Monday,3274,1017,239,8,27,0,5.14,0.40,3.56
user_sixteen,4/19/2016,10181,Tuesday,3015,704,249,16,20,0,5.77,0.69,1.37
user_sixteen,4/20/2016,10553,Wednesday,3083,696,228,42,19,0,5.29,1.72,1.10
user_sixteen,4/21/2016,10055,Thursday,3069,853,272,12,7,0,6.98,0.39,0.37
user_sixteen,4/22/2016,12139,Friday,3544,945,220,25,77,0,4.92,1.11,3.30
user_sixteen,4/23/2016,13236,Saturday,3306,749,215,5,58,0,5.35,0.32,4.50
user_sixteen,4/24/2016,10243,Sunday,2885,584,239,8,14,0,6.30,0.51,1.08
user_sixteen,4/25/2016,12961,Monday,3288,1054,301,31,11,0,7.84,1.40,0.73
user_sixteen,4/26/2016,9461,Tuesday,2929,673,224,23,14,0,5.27,1.06,0.94
user_sixteen,4/27/2016,11193,Wednesday,3074,684,241,48,11,0,5.39,2.51,0.70
user_sixteen,4/28/2016,10074,Thursday,2969,878,234,9,19,0,6.03,0.43,1.29
user_sixteen,4/29/2016,9232,Friday,2979,1175,236,16,13,0,5.42,0.89,0.80
user_sixteen,4/30/2016,12533,Saturday,3283,537,300,43,14,0,6.94,2.00,0.70
user_sixteen,5/1/2016,10255,Sunday,2926,579,241,15,12,0,6.20,0.68,1.01
user_sixteen,5/2/2016,10096,Monday,3147,935,204,4,33,0,4.55,0.08,3.77
user_sixteen,5/3/2016,12727,Tuesday,3290,984,306,18,18,0,7.88,0.78,1.13
user_sixteen,5/4/2016,12375,Wednesday,3162,632,251,21,35,0,5.80,0.93,2.79
user_sixteen,5/5/2016,9603,Thursday,2899,896,199,39,12,0,5.09,1.67,0.63
user_sixteen,5/6/2016,13175,Friday,3425,1100,262,45,33,0,5.93,2.09,2.11
user_sixteen,5/7/2016,22770,Saturday,4022,508,260,56,120,0,5.33,2.77,9.45
user_sixteen,5/8/2016,17298,Sunday,3934,576,178,38,107,0,3.23,1.26,9.89
user_sixteen,5/9/2016,10218,Monday,3013,1020,258,19,6,0,6.79,0.73,0.34
user_sixteen,5/10/2016,10299,Tuesday,3061,648,267,14,13,0,6.46,0.65,0.81
user_sixteen,5/11/2016,10201,Wednesday,2954,858,256,18,8,0,6.53,0.79,0.53
user_sixteen,5/12/2016,3369,Thursday,1623,825,108,0,0,0,2.59,0.00,0.00
user_seventeen,4/12/2016,3276,Tuesday,2113,787,196,0,0,0,2.20,0.00,0.00
user_seventeen,4/13/2016,2961,Wednesday,2095,840,194,0,0,0,1.99,0.00,0.00
user_seventeen,4/14/2016,3974,Thursday,2194,717,231,0,0,0,2.67,0.00,0.00
user_seventeen,4/15/2016,7198,Friday,2496,711,350,0,0,0,4.83,0.00,0.00
user_seventeen,4/16/2016,3945,Saturday,2180,716,225,0,0,0,2.65,0.00,0.00
user_seventeen,4/17/2016,2268,Sunday,1933,1219,114,0,0,0,1.52,0.00,0.00
user_seventeen,4/18/2016,6155,Monday,2248,1247,162,6,25,0,1.95,0.29,2.00
user_seventeen,4/19/2016,2064,Tuesday,1954,895,121,0,0,0,1.39,0.00,0.00
user_seventeen,4/20/2016,2072,Wednesday,1974,841,137,0,0,0,1.39,0.00,0.00
user_seventeen,4/21/2016,3809,Thursday,2150,756,215,0,0,0,2.54,0.00,0.00
user_seventeen,4/22/2016,6831,Friday,2432,706,317,0,0,0,4.58,0.00,0.00
user_seventeen,4/23/2016,4363,Saturday,2149,1239,201,0,0,0,2.93,0.00,0.00
user_seventeen,4/24/2016,5002,Sunday,2247,1196,244,0,0,0,3.36,0.00,0.00
user_seventeen,4/25/2016,3385,Monday,2070,916,179,0,0,0,2.27,0.00,0.00
user_seventeen,4/26/2016,6326,Tuesday,2291,839,180,1,29,0,1.96,0.04,2.41
user_seventeen,4/27/2016,7243,Wednesday,2361,839,194,1,32,0,2.38,0.03,2.62
user_seventeen,4/28/2016,4493,Thursday,2203,762,236,0,0,0,3.01,0.00,0.00
user_seventeen,4/29/2016,4676,Friday,2196,1106,226,0,0,0,3.13,0.00,0.00
user_seventeen,4/30/2016,6222,Saturday,2363,797,290,0,0,0,4.18,0.00,0.00
user_seventeen,5/1/2016,5232,Sunday,2246,741,240,0,0,0,3.51,0.00,0.00
user_seventeen,5/2/2016,6910,Monday,2336,667,200,4,27,0,2.35,0.19,2.21
user_seventeen,5/3/2016,7502,Tuesday,2421,725,233,2,30,0,2.58,0.11,2.48
user_seventeen,5/4/2016,2923,Wednesday,2070,897,180,0,0,0,1.96,0.00,0.00
user_seventeen,5/5/2016,3800,Thursday,2120,734,185,6,2,0,2.18,0.24,0.12
user_seventeen,5/6/2016,4514,Friday,2211,809,229,0,0,0,3.03,0.00,0.00
user_seventeen,5/7/2016,5183,Saturday,2123,866,108,4,26,0,1.25,0.19,2.13
user_seventeen,5/8/2016,7303,Sunday,2423,733,308,8,0,0,4.65,0.25,0.00
user_seventeen,5/9/2016,5275,Monday,2281,641,266,0,0,0,3.54,0.00,0.00
user_seventeen,5/10/2016,3915,Tuesday,2181,783,231,0,0,0,2.63,0.00,0.00
user_seventeen,5/11/2016,9105,Wednesday,2499,622,232,22,34,0,2.86,1.00,2.25
user_seventeen,5/12/2016,768,Thursday,1212,380,58,0,0,0,0.52,0.00,0.00
user_eighteen,4/12/2016,5135,Tuesday,1909,1122,318,0,0,0,3.39,0.00,0.00
user_eighteen,4/13/2016,4978,Wednesday,1722,1287,127,7,19,0,1.61,0.44,1.24
user_eighteen,4/14/2016,6799,Thursday,1922,1161,279,0,0,0,4.49,0.00,0.00
user_eighteen,4/15/2016,7795,Friday,2121,1131,262,30,17,0,3.73,0.84,0.59
user_eighteen,4/16/2016,7289,Saturday,1997,1112,308,12,8,0,3.50,0.75,0.55
user_eighteen,4/17/2016,9634,Sunday,2117,1110,304,19,7,0,4.71,1.14,0.55
user_eighteen,4/18/2016,8940,Monday,2116,1080,331,15,14,0,4.00,0.93,0.98
user_eighteen,4/19/2016,5401,Tuesday,1876,1182,248,9,1,0,3.16,0.36,0.05
user_eighteen,4/20/2016,4803,Wednesday,1788,1218,222,0,0,0,3.17,0.00,0.00
user_eighteen,4/21/2016,13743,Thursday,2486,844,432,21,6,0,7.70,0.97,0.42
user_eighteen,4/22/2016,9601,Friday,2094,1122,273,25,20,0,3.47,1.50,1.37
user_eighteen,4/23/2016,6890,Saturday,2085,1122,308,5,5,0,4.01,0.20,0.34
user_eighteen,4/24/2016,8563,Sunday,2173,1045,395,0,0,0,5.65,0.00,0.00
user_eighteen,4/25/2016,8095,Monday,2225,993,340,10,18,0,4.51,0.25,0.59
user_eighteen,4/26/2016,9148,Tuesday,2223,1062,283,41,12,0,3.59,2.03,0.43
user_eighteen,4/27/2016,9557,Wednesday,2098,1087,312,14,27,0,3.46,0.89,1.96
user_eighteen,4/28/2016,9451,Thursday,2185,985,367,11,1,0,5.95,0.27,0.02
user_eighteen,4/29/2016,7833,Friday,1918,1096,197,29,15,0,2.31,1.85,1.02
user_eighteen,4/30/2016,10319,Saturday,2105,1111,293,29,7,0,4.46,1.89,0.47
user_eighteen,5/1/2016,3428,Sunday,1692,1121,190,0,0,0,2.27,0.00,0.00
user_eighteen,5/2/2016,7891,Monday,2066,1057,383,0,0,0,5.22,0.00,0.00
user_eighteen,5/3/2016,5267,Tuesday,1953,1172,237,10,21,0,2.60,0.28,0.60
user_eighteen,5/4/2016,5232,Wednesday,1842,1188,252,0,0,0,3.46,0.00,0.00
user_eighteen,5/5/2016,10611,Thursday,2262,1048,370,8,14,0,5.51,0.50,1.01
user_eighteen,5/6/2016,3755,Friday,1722,1238,202,0,0,0,2.48,0.00,0.00
user_eighteen,5/7/2016,8237,Saturday,1973,1116,233,16,23,0,2.83,1.00,1.61
user_eighteen,5/8/2016,6543,Sunday,2666,1019,238,35,66,0,2.02,0.50,1.80
user_eighteen,5/9/2016,11451,Monday,2223,1065,339,30,6,0,5.52,1.62,0.43
user_eighteen,5/10/2016,6435,Tuesday,1889,1191,220,18,11,0,2.39,1.12,0.74
user_eighteen,5/11/2016,9108,Wednesday,2131,1081,324,31,4,0,3.94,1.82,0.26
user_eighteen,5/12/2016,6307,Thursday,1452,736,247,0,0,0,4.17,0.00,0.00
user_nineteen,4/12/2016,7213,Tuesday,2947,718,263,0,0,0,5.85,0.00,0.00
user_nineteen,4/13/2016,6877,Wednesday,2898,777,258,0,0,0,5.58,0.00,0.00
user_nineteen,4/14/2016,7860,Thursday,2984,772,271,0,0,0,6.37,0.00,0.00
user_nineteen,4/15/2016,6506,Friday,2896,944,256,8,1,0,4.79,0.42,0.07
user_nineteen,4/16/2016,11140,Saturday,3328,556,335,24,3,0,7.54,1.25,0.24
user_nineteen,4/17/2016,12692,Sunday,3394,437,302,66,12,0,5.88,3.46,0.96
user_nineteen,4/18/2016,9105,Monday,3013,890,191,30,22,0,4.07,1.49,1.82
user_nineteen,4/19/2016,6708,Tuesday,2812,757,179,8,10,0,4.19,0.37,0.88
user_nineteen,4/20/2016,8793,Wednesday,3061,717,260,29,2,0,5.73,1.23,0.16
user_nineteen,4/21/2016,6530,Thursday,2729,901,144,41,4,0,2.94,2.05,0.31
user_nineteen,4/22/2016,1664,Friday,2241,1341,72,0,0,0,1.35,0.00,0.00
user_nineteen,4/23/2016,15126,Saturday,3691,469,408,66,9,0,8.27,3.24,0.76
user_nineteen,4/24/2016,15050,Sunday,3538,542,281,95,15,0,5.88,5.12,1.20
user_nineteen,4/25/2016,9167,Monday,3064,730,270,15,6,0,6.11,0.82,0.49
user_nineteen,4/26/2016,6108,Tuesday,2784,765,216,8,1,0,4.54,0.35,0.07
user_nineteen,4/27/2016,7047,Wednesday,2908,733,238,16,1,0,4.78,0.80,0.09
user_nineteen,4/28/2016,9023,Thursday,3033,738,232,9,14,0,5.77,0.42,1.13
user_nineteen,4/29/2016,9930,Friday,3165,692,267,19,12,0,6.07,0.92,1.06
user_nineteen,4/30/2016,10144,Saturday,3115,728,263,36,4,0,5.88,2.03,0.32
user_nineteen,5/1/2016,0,Sunday,2017,1440,0,0,0,0,0.00,0.00,0.00
user_nineteen,5/2/2016,7245,Monday,2859,1131,195,40,5,0,3.76,1.74,0.38
user_nineteen,5/3/2016,9454,Tuesday,3145,729,313,0,0,0,7.67,0.00,0.00
user_nineteen,5/4/2016,8161,Wednesday,3004,757,251,15,4,0,5.54,0.73,0.34
user_nineteen,5/5/2016,8614,Thursday,3006,745,241,5,8,0,6.09,0.22,0.67
user_nineteen,5/6/2016,6943,Friday,2859,682,207,16,1,0,4.87,0.66,0.08
user_nineteen,5/7/2016,14370,Saturday,3683,577,439,46,5,0,8.97,2.31,0.37
user_nineteen,5/8/2016,12857,Sunday,3287,1019,192,125,9,0,3.54,6.21,0.68
user_nineteen,5/9/2016,8232,Monday,2990,746,253,12,0,0,6.10,0.57,0.00
user_nineteen,5/10/2016,10613,Tuesday,3172,701,262,37,1,0,6.65,1.88,0.08
user_nineteen,5/11/2016,9810,Wednesday,3069,784,235,41,10,0,4.98,2.16,0.78
user_nineteen,5/12/2016,2752,Thursday,1240,241,68,0,0,0,2.23,0.00,0.00
user_twenty,4/12/2016,11596,Tuesday,2026,767,277,13,19,0,5.41,0.79,1.37
user_twenty,4/13/2016,4832,Wednesday,1718,647,226,0,0,0,3.16,0.00,0.00
user_twenty,4/14/2016,17022,Thursday,2324,693,256,41,61,0,4.67,2.45,4.00
user_twenty,4/15/2016,16556,Friday,2254,689,239,38,58,0,4.71,1.98,4.16
user_twenty,4/16/2016,5771,Saturday,1831,521,288,0,0,0,3.77,0.00,0.00
user_twenty,4/17/2016,655,Sunday,1397,943,46,0,0,0,0.43,0.00,0.00
user_twenty,4/18/2016,3727,Monday,1683,622,206,0,0,0,2.43,0.00,0.00
user_twenty,4/19/2016,15482,Tuesday,2284,756,249,28,69,0,4.18,1.66,4.28
user_twenty,4/20/2016,2713,Wednesday,1570,598,148,0,0,0,1.77,0.00,0.00
user_twenty,4/21/2016,12346,Thursday,2066,801,177,42,47,0,2.96,2.16,2.95
user_twenty,4/22/2016,11682,Friday,2105,781,270,16,25,0,5.60,0.63,1.38
user_twenty,4/23/2016,4112,Saturday,1776,443,272,0,0,0,2.68,0.00,0.00
user_twenty,4/24/2016,1807,Sunday,1507,582,104,0,0,0,1.18,0.00,0.00
user_twenty,4/25/2016,10946,Monday,2033,732,201,11,51,0,3.69,0.57,2.93
user_twenty,4/26/2016,11886,Tuesday,2093,750,238,18,40,0,4.46,0.93,2.37
user_twenty,4/27/2016,10538,Wednesday,1922,745,206,16,16,0,4.74,1.00,1.14
user_twenty,4/28/2016,11393,Thursday,1999,727,165,13,49,0,3.17,0.75,3.71
user_twenty,4/29/2016,12764,Friday,2169,709,270,15,46,0,4.91,0.64,2.79
user_twenty,4/30/2016,1202,Saturday,1463,506,84,0,0,0,0.78,0.00,0.00
user_twenty,5/1/2016,5164,Sunday,1747,436,237,0,0,0,3.37,0.00,0.00
user_twenty,5/2/2016,9769,Monday,1996,724,227,9,23,0,4.90,0.41,1.06
user_twenty,5/3/2016,12848,Tuesday,2116,812,247,29,26,0,5.68,1.20,1.50
user_twenty,5/4/2016,4249,Wednesday,1698,651,224,0,0,0,2.77,0.00,0.00
user_twenty,5/5/2016,14331,Thursday,2156,692,241,29,44,0,4.43,1.66,3.43
user_twenty,5/6/2016,9632,Friday,1916,761,229,9,21,0,4.23,0.54,1.52
user_twenty,5/7/2016,1868,Saturday,1494,902,96,0,0,0,1.22,0.00,0.00
user_twenty,5/8/2016,6083,Sunday,1762,505,210,8,3,0,3.30,0.47,0.22
user_twenty,5/9/2016,11611,Monday,2272,667,251,22,59,0,4.56,0.89,2.13
user_twenty,5/10/2016,16358,Tuesday,2335,707,265,40,61,0,5.20,1.61,3.87
user_twenty,5/11/2016,4926,Wednesday,1693,628,195,0,0,0,3.22,0.00,0.00
user_twenty,5/12/2016,3121,Thursday,741,222,48,6,8,0,1.06,0.40,0.58
user_twentyone,4/12/2016,8135,Tuesday,3405,728,140,16,86,0,2.10,0.38,3.60
user_twentyone,4/13/2016,5077,Wednesday,2551,776,144,11,15,0,3.25,0.22,0.32
user_twentyone,4/14/2016,8596,Thursday,4022,662,176,30,118,0,2.78,0.31,3.33
user_twentyone,4/15/2016,12087,Friday,4005,695,199,54,115,0,3.56,1.60,3.92
user_twentyone,4/16/2016,14269,Saturday,4274,472,158,56,184,0,2.73,1.28,6.64
user_twentyone,4/17/2016,12231,Sunday,4552,525,159,37,200,0,2.32,0.83,5.98
user_twentyone,4/18/2016,9893,Monday,3625,623,130,32,114,0,1.82,0.72,4.86
user_twentyone,4/19/2016,12574,Tuesday,3501,733,111,23,108,0,1.76,0.64,7.02
user_twentyone,4/20/2016,8330,Wednesday,3192,773,113,16,87,0,1.76,0.34,4.12
user_twentyone,4/21/2016,10830,Thursday,4018,670,175,74,110,0,2.78,1.66,3.65
user_twentyone,4/22/2016,9172,Friday,3329,823,200,30,62,0,3.30,0.79,2.42
user_twentyone,4/23/2016,7638,Saturday,3152,627,223,24,24,0,4.14,0.36,1.21
user_twentyone,4/24/2016,15764,Sunday,4392,425,141,65,210,0,1.98,2.15,7.65
user_twentyone,4/25/2016,6393,Monday,3374,743,214,38,61,0,2.76,0.67,1.35
user_twentyone,4/26/2016,5325,Tuesday,3088,759,181,32,38,0,2.47,0.65,0.85
user_twentyone,4/27/2016,6805,Wednesday,3294,773,190,16,63,0,2.93,0.40,1.81
user_twentyone,4/28/2016,9841,Thursday,3580,692,141,51,99,0,3.01,1.17,3.25
user_twentyone,4/29/2016,7924,Friday,3544,739,165,36,97,0,2.47,0.61,2.84
user_twentyone,4/30/2016,12363,Saturday,4501,621,163,45,207,0,2.61,0.79,5.83
user_twentyone,5/1/2016,13368,Sunday,4546,499,178,72,194,0,3.24,1.44,5.31
user_twentyone,5/2/2016,7439,Monday,3014,732,235,20,37,0,4.07,0.35,1.12
user_twentyone,5/3/2016,11045,Tuesday,3795,580,212,8,97,0,3.57,0.15,4.52
user_twentyone,5/4/2016,5206,Wednesday,2755,631,141,9,25,0,2.08,0.25,1.56
user_twentyone,5/5/2016,7550,Thursday,3004,1153,143,21,45,0,2.67,0.47,2.50
user_twentyone,5/6/2016,4950,Friday,2643,1304,79,16,41,0,1.45,0.32,1.93
user_twentyone,5/7/2016,0,Saturday,1819,1440,0,0,0,0,0.00,0.00,0.00
user_twentyone,5/8/2016,0,Sunday,1819,1440,0,0,0,0,0.00,0.00,0.00
user_twentyone,5/9/2016,3421,Monday,2489,1099,70,11,34,0,0.99,0.14,1.43
user_twentyone,5/10/2016,8869,Tuesday,3841,639,194,37,104,0,3.35,0.75,2.56
user_twentyone,5/11/2016,4038,Wednesday,1665,257,63,15,45,0,0.89,0.30,1.83
user_twentytwo,4/12/2016,0,Tuesday,1496,1440,0,0,0,0,0.00,0.00,0.00
user_twentytwo,4/13/2016,0,Wednesday,1496,1440,0,0,0,0,0.00,0.00,0.00
user_twentytwo,4/14/2016,0,Thursday,1496,1440,0,0,0,0,0.00,0.00,0.00
user_twentytwo,4/15/2016,14019,Friday,2865,921,513,6,0,0,10.30,0.28,0.00
user_twentytwo,4/16/2016,14450,Saturday,2828,502,518,15,7,0,9.48,0.85,0.58
user_twentytwo,4/17/2016,7150,Sunday,2225,702,312,0,0,0,5.40,0.00,0.00
user_twentytwo,4/18/2016,5153,Monday,2018,759,241,0,0,0,3.89,0.00,0.00
user_twentytwo,4/19/2016,11135,Tuesday,2606,425,480,0,0,0,8.41,0.00,0.00
user_twentytwo,4/20/2016,10449,Wednesday,2536,587,349,10,26,0,5.52,0.48,2.03
user_twentytwo,4/21/2016,19542,Thursday,4900,579,294,19,11,0,5.62,0.40,0.98
user_twentytwo,4/22/2016,8206,Friday,2409,413,402,0,0,0,6.20,0.00,0.00
user_twentytwo,4/23/2016,11495,Saturday,2651,468,512,0,0,0,8.68,0.00,0.00
user_twentytwo,4/24/2016,7623,Sunday,2305,711,362,0,0,0,5.76,0.00,0.00
user_twentytwo,4/25/2016,0,Monday,1497,1440,0,0,0,0,0.00,0.00,0.00
user_twentytwo,4/26/2016,9543,Tuesday,2450,1077,352,7,0,0,6.87,0.34,0.00
user_twentytwo,4/27/2016,9411,Wednesday,2576,417,458,0,0,0,7.11,0.00,0.00
user_twentytwo,4/28/2016,3403,Thursday,1879,758,141,0,0,0,2.60,0.00,0.00
user_twentytwo,4/29/2016,9592,Friday,2560,479,461,0,0,0,7.24,0.00,0.00
user_twentytwo,4/30/2016,6987,Saturday,2275,1040,343,0,0,0,5.28,0.00,0.00
user_twentytwo,5/1/2016,8915,Sunday,2361,525,397,0,0,0,6.73,0.00,0.00
user_twentytwo,5/2/2016,4933,Monday,2044,1204,236,0,0,0,3.73,0.00,0.00
user_twentytwo,5/3/2016,0,Tuesday,1496,1440,0,0,0,0,0.00,0.00,0.00
user_twentytwo,5/4/2016,2997,Wednesday,1902,1279,156,0,0,0,2.26,0.00,0.00
user_twentytwo,5/5/2016,9799,Thursday,2636,479,487,0,0,0,7.40,0.00,0.00
user_twentytwo,5/6/2016,3365,Friday,1838,673,133,0,0,0,2.68,0.00,0.00
user_twentytwo,5/7/2016,7336,Saturday,2469,456,412,0,0,0,5.54,0.00,0.00
user_twentytwo,5/8/2016,7328,Sunday,2250,517,318,0,0,0,5.53,0.00,0.00
user_twentytwo,5/9/2016,4477,Monday,1248,125,197,0,0,0,3.38,0.00,0.00
user_twentythree,4/12/2016,4562,Tuesday,2560,1241,199,0,0,0,3.45,0.00,0.00
user_twentythree,4/13/2016,7142,Wednesday,2905,1090,350,0,0,0,5.39,0.00,0.00
user_twentythree,4/14/2016,7671,Thursday,2952,1077,363,0,0,0,5.77,0.00,0.00
user_twentythree,4/15/2016,9501,Friday,2896,1112,328,0,0,0,7.17,0.00,0.00
user_twentythree,4/16/2016,8301,Saturday,2783,1182,258,0,0,0,6.27,0.00,0.00
user_twentythree,4/17/2016,7851,Sunday,3171,1172,225,12,31,0,4.00,0.79,1.14
user_twentythree,4/18/2016,6885,Monday,2766,1169,271,0,0,0,5.19,0.00,0.00
user_twentythree,4/19/2016,7142,Tuesday,2839,1119,321,0,0,0,5.39,0.00,0.00
user_twentythree,4/20/2016,6361,Wednesday,2701,1182,258,0,0,0,4.80,0.00,0.00
user_twentythree,4/21/2016,0,Thursday,2060,1440,0,0,0,0,0.00,0.00,0.00
user_twentythree,4/22/2016,6238,Friday,2796,1138,302,0,0,0,4.72,0.00,0.00
user_twentythree,4/23/2016,0,Saturday,2664,1407,0,0,33,0,0.00,0.00,0.00
user_twentythree,4/24/2016,5896,Sunday,2703,1182,258,0,0,0,4.46,0.00,0.00
user_twentythree,4/25/2016,7802,Monday,2771,1180,249,3,8,0,5.03,0.18,0.68
user_twentythree,4/26/2016,0,Tuesday,2060,1440,0,0,0,0,0.00,0.00,0.00
user_twentythree,4/27/2016,5565,Wednesday,2743,1153,287,0,0,0,4.18,0.00,0.00
user_twentythree,4/28/2016,5731,Thursday,2687,1185,255,0,0,0,4.33,0.00,0.00
user_twentythree,4/29/2016,0,Friday,2060,1440,0,0,0,0,0.00,0.00,0.00
user_twentythree,4/30/2016,6744,Saturday,2843,1116,324,0,0,0,5.09,0.00,0.00
user_twentythree,5/1/2016,9837,Sunday,3327,1055,282,95,8,0,4.00,2.75,0.66
user_twentythree,5/2/2016,6781,Monday,2725,1172,268,0,0,0,5.11,0.00,0.00
user_twentythree,5/3/2016,6047,Tuesday,2671,1200,240,0,0,0,4.57,0.00,0.00
user_twentythree,5/4/2016,5832,Wednesday,2718,1168,272,0,0,0,4.40,0.00,0.00
user_twentythree,5/5/2016,6339,Thursday,2682,1201,239,0,0,0,4.79,0.00,0.00
user_twentythree,5/6/2016,6116,Friday,2806,1135,305,0,0,0,4.59,0.00,0.00
user_twentythree,5/7/2016,5510,Saturday,2613,1213,227,0,0,0,4.16,0.00,0.00
user_twentythree,5/8/2016,7706,Sunday,2712,1189,251,0,0,0,5.82,0.00,0.00
user_twentythree,5/9/2016,6277,Monday,2175,800,264,0,0,0,4.73,0.00,0.00
user_twentythree,5/10/2016,0,Tuesday,0,1440,0,0,0,0,0.00,0.00,0.00
user_twentyfour,4/12/2016,0,Tuesday,1841,1440,0,0,0,0,0.00,0.00,0.00
user_twentyfour,4/13/2016,4053,Wednesday,2400,1053,85,18,17,0,1.22,0.58,1.11
user_twentyfour,4/14/2016,5162,Thursday,2507,863,105,24,14,0,1.97,0.86,0.87
user_twentyfour,4/15/2016,1282,Friday,2127,976,58,0,0,0,0.92,0.00,0.00
user_twentyfour,4/16/2016,4732,Saturday,2225,1377,9,18,36,0,0.06,0.81,2.52
user_twentyfour,4/17/2016,2497,Sunday,2067,1392,19,24,5,0,0.31,1.13,0.35
user_twentyfour,4/18/2016,8294,Monday,2798,1233,146,31,30,0,3.17,0.77,2.00
user_twentyfour,4/19/2016,0,Tuesday,1841,1440,0,0,0,0,0.00,0.00,0.00
user_twentyfour,4/20/2016,10771,Wednesday,3727,1079,178,113,70,0,2.22,1.74,3.77
user_twentyfour,4/21/2016,0,Thursday,1841,1440,0,0,0,0,0.00,0.00,0.00
user_twentyfour,4/22/2016,637,Friday,1922,1420,20,0,0,0,0.46,0.00,0.00
user_twentyfour,4/23/2016,0,Saturday,1841,1440,0,0,0,0,0.00,0.00,0.00
user_twentyfour,4/24/2016,2153,Sunday,2053,1400,11,18,11,0,0.15,0.62,0.77
user_twentyfour,4/25/2016,6474,Monday,2484,1302,92,13,33,0,1.90,0.46,2.27
user_twentyfour,4/26/2016,7091,Tuesday,2584,1321,47,30,42,0,0.73,0.87,3.48
user_twentyfour,4/27/2016,0,Wednesday,1841,1440,0,0,0,0,0.00,0.00,0.00
user_twentyfour,4/28/2016,703,Thursday,1993,1410,15,13,2,0,0.24,0.20,0.06
user_twentyfour,4/29/2016,0,Friday,1841,1440,0,0,0,0,0.00,0.00,0.00
user_twentyfour,4/30/2016,2503,Saturday,2280,1344,84,9,3,0,1.48,0.16,0.16
user_twentyfour,5/1/2016,2487,Sunday,2319,1347,50,34,9,0,0.68,0.62,0.48
user_twentyfour,5/2/2016,0,Monday,1841,1440,0,0,0,0,0.00,0.00,0.00
user_twentyfour,5/3/2016,9,Tuesday,1843,1439,1,0,0,0,0.01,0.00,0.00
user_twentyfour,5/4/2016,0,Wednesday,1841,1440,0,0,0,0,0.00,0.00,0.00
user_twentyfour,5/5/2016,0,Thursday,1841,1440,0,0,0,0,0.00,0.00,0.00
user_twentyfour,5/6/2016,4697,Friday,2496,1318,75,35,12,0,1.93,0.93,0.47
user_twentyfour,5/7/2016,1967,Saturday,1032,551,49,5,2,0,1.05,0.24,0.13
user_twentyfive,4/12/2016,10199,Tuesday,1994,796,189,14,50,0,2.51,0.83,3.40
user_twentyfive,4/13/2016,5652,Wednesday,1718,548,142,24,8,0,1.96,1.21,0.57
user_twentyfive,4/14/2016,1551,Thursday,1466,862,86,0,0,0,1.03,0.00,0.00
user_twentyfive,4/15/2016,5563,Friday,1756,837,217,0,0,0,3.68,0.00,0.00
user_twentyfive,4/16/2016,13217,Saturday,2173,741,280,3,50,0,4.88,0.19,3.66
user_twentyfive,4/17/2016,10145,Sunday,2027,634,295,13,5,0,5.69,0.68,0.33
user_twentyfive,4/18/2016,11404,Monday,2039,689,238,42,13,0,4.32,2.39,0.83
user_twentyfive,4/19/2016,10742,Tuesday,2046,659,195,41,35,0,2.87,2.13,2.10
user_twentyfive,4/20/2016,13928,Wednesday,2174,639,297,4,48,0,5.09,0.19,4.28
user_twentyfive,4/21/2016,11835,Thursday,2179,708,214,27,53,0,3.51,2.10,3.99
user_twentyfive,4/22/2016,10725,Friday,2086,659,240,33,30,0,3.77,1.55,1.77
user_twentyfive,4/23/2016,20031,Saturday,2571,484,347,41,58,0,7.04,2.00,4.20
user_twentyfive,4/24/2016,5029,Sunday,1705,720,199,0,0,0,3.32,0.00,0.00
user_twentyfive,4/25/2016,13239,Monday,2194,637,282,31,35,0,4.46,1.68,3.02
user_twentyfive,4/26/2016,10433,Tuesday,2012,680,254,7,36,0,3.90,0.42,2.58
user_twentyfive,4/27/2016,10320,Wednesday,2034,697,279,38,7,0,4.25,2.02,0.55
user_twentyfive,4/28/2016,12627,Thursday,2182,621,288,8,38,0,5.59,0.24,2.51
user_twentyfive,4/29/2016,10762,Friday,2254,645,369,15,12,0,5.81,0.48,0.82
user_twentyfive,4/30/2016,10081,Saturday,2002,731,237,16,32,0,3.67,0.76,2.24
user_twentyfive,5/1/2016,5454,Sunday,1740,722,215,0,0,0,3.61,0.00,0.00
user_twentyfive,5/2/2016,12912,Monday,2162,655,313,39,18,0,5.34,2.00,1.20
user_twentyfive,5/3/2016,12109,Tuesday,2072,654,267,36,21,0,4.33,2.04,1.74
user_twentyfive,5/4/2016,10147,Wednesday,2086,683,284,36,15,0,4.55,1.68,0.47
user_twentyfive,5/5/2016,10524,Thursday,2066,591,305,22,14,0,4.81,1.16,0.99
user_twentyfive,5/6/2016,5908,Friday,1850,717,299,0,0,0,3.91,0.00,0.00
user_twentyfive,5/7/2016,6815,Saturday,1947,745,328,0,0,0,4.50,0.00,0.00
user_twentyfive,5/8/2016,4188,Sunday,1659,709,151,14,0,0,2.25,0.52,0.00
user_twentyfive,5/9/2016,12342,Monday,2105,607,231,21,43,0,3.65,1.18,3.90
user_twentyfive,5/10/2016,15448,Tuesday,2361,626,275,34,62,0,4.99,1.75,3.47
user_twentyfive,5/11/2016,6722,Wednesday,1855,709,199,7,24,0,2.65,0.31,1.49
user_twentyfive,5/12/2016,3587,Thursday,928,127,105,8,0,0,2.11,0.25,0.00
user_twentysix,4/12/2016,14172,Tuesday,2937,1024,355,8,53,0,5.41,0.38,4.50
user_twentysix,4/13/2016,12862,Wednesday,2742,1101,261,22,56,0,4.48,0.56,4.61
user_twentysix,4/14/2016,11179,Thursday,2668,1096,304,6,34,0,4.96,0.34,2.95
user_twentysix,4/15/2016,5273,Friday,2098,1238,202,0,0,0,3.53,0.00,0.00
user_twentysix,4/16/2016,4631,Saturday,2076,1155,203,0,0,0,3.10,0.00,0.00
user_twentysix,4/17/2016,8059,Sunday,2383,1135,305,0,0,0,5.39,0.00,0.00
user_twentysix,4/18/2016,14816,Monday,2832,1077,284,31,48,0,5.05,2.12,3.79
user_twentysix,4/19/2016,14194,Tuesday,2812,1066,304,17,53,0,5.31,0.76,4.41
user_twentysix,4/20/2016,15566,Wednesday,3096,1000,347,33,60,0,5.86,0.67,4.79
user_twentysix,4/21/2016,13744,Thursday,2763,1049,327,34,30,0,5.17,1.87,2.15
user_twentysix,4/22/2016,15299,Friday,2889,1065,261,50,64,0,4.37,1.76,4.10
user_twentysix,4/23/2016,8093,Saturday,2284,1190,223,25,2,0,4.15,1.13,0.13
user_twentysix,4/24/2016,11085,Sunday,2667,1021,419,0,0,0,7.42,0.00,0.00
user_twentysix,4/25/2016,18229,Monday,3055,986,379,24,51,0,7.67,1.37,4.31
user_twentysix,4/26/2016,15090,Tuesday,2939,978,424,22,16,0,8.23,0.94,0.93
user_twentysix,4/27/2016,13541,Wednesday,2830,1041,337,12,50,0,5.29,0.66,4.27
user_twentysix,4/28/2016,15128,Thursday,2836,1007,401,16,16,0,8.26,0.77,1.09
user_twentysix,4/29/2016,20067,Friday,3180,961,382,42,55,0,7.95,2.05,4.31
user_twentysix,4/30/2016,3761,Saturday,2051,1240,200,0,0,0,2.52,0.00,0.00
user_twentysix,5/1/2016,5600,Sunday,2225,1142,237,0,0,0,3.75,0.00,0.00
user_twentysix,5/2/2016,13041,Monday,2642,1112,250,14,64,0,3.83,0.70,4.64
user_twentysix,5/3/2016,14510,Tuesday,2976,1021,330,31,58,0,5.36,1.02,4.48
user_twentysix,5/4/2016,0,Wednesday,1557,1440,0,0,0,0,0.00,0.00,0.00
user_twentysix,5/5/2016,15010,Thursday,2933,1047,317,23,53,0,5.48,1.29,4.33
user_twentysix,5/6/2016,11459,Friday,2553,1136,247,13,44,0,3.86,0.81,3.00
user_twentysix,5/7/2016,0,Saturday,120,111,0,0,0,0,0.00,0.00,0.00
user_twentyseven,4/12/2016,11317,Tuesday,2772,745,153,6,59,0,2.97,0.15,5.27
user_twentyseven,4/13/2016,5813,Wednesday,2516,744,155,26,31,0,2.84,0.21,0.56
user_twentyseven,4/14/2016,9123,Thursday,2734,787,189,32,35,0,3.66,0.33,2.03
user_twentyseven,4/15/2016,8585,Friday,2395,864,139,21,30,0,2.53,1.11,2.04
user_twentyseven,4/16/2016,31,Saturday,1635,1437,3,0,0,0,0.01,0.00,0.00
user_twentyseven,4/17/2016,0,Sunday,1629,1440,0,0,0,0,0.00,0.00,0.00
user_twentyseven,4/18/2016,9827,Monday,2743,1136,114,51,61,0,2.31,1.22,3.17
user_twentyseven,4/19/2016,10688,Tuesday,2944,671,124,69,67,0,2.51,1.23,3.53
user_twentyseven,4/20/2016,14365,Wednesday,2997,797,145,13,87,0,2.54,0.45,7.64
user_twentyseven,4/21/2016,9469,Thursday,2463,758,206,6,19,0,4.51,0.30,1.36
user_twentyseven,4/22/2016,9753,Friday,2846,762,153,59,58,0,2.67,0.97,2.87
user_twentyseven,4/23/2016,2817,Saturday,1965,1350,90,0,0,0,1.80,0.00,0.00
user_twentyseven,4/24/2016,3520,Sunday,2049,566,125,0,0,0,2.15,0.00,0.00
user_twentyseven,4/25/2016,10091,Monday,2752,706,129,39,69,0,2.37,0.70,3.75
user_twentyseven,4/26/2016,10387,Tuesday,2781,726,132,33,70,0,2.12,0.77,4.16
user_twentyseven,4/27/2016,11107,Wednesday,2693,829,145,6,55,0,2.53,0.18,5.63
user_twentyseven,4/28/2016,11584,Thursday,2862,810,161,48,54,0,3.36,1.64,2.79
user_twentyseven,4/29/2016,7881,Friday,2616,1198,182,36,24,0,4.00,0.45,0.49
user_twentyseven,4/30/2016,14560,Saturday,2995,584,308,17,42,0,5.24,1.04,3.12
user_twentyseven,5/1/2016,12390,Sunday,2730,685,258,15,30,0,4.85,0.90,2.30
user_twentyseven,5/2/2016,10052,Monday,2754,737,139,26,66,0,2.66,0.66,3.48
user_twentyseven,5/3/2016,10288,Tuesday,2754,761,152,36,57,0,3.16,0.85,2.74
user_twentyseven,5/4/2016,10988,Wednesday,2655,843,135,12,45,0,2.90,0.12,5.28
user_twentyseven,5/5/2016,8564,Thursday,2386,1253,149,14,24,0,2.95,0.83,1.78
user_twentyseven,5/6/2016,12461,Friday,2924,834,154,35,84,0,3.12,1.43,3.82
user_twentyseven,5/7/2016,12827,Saturday,2739,621,209,42,20,0,4.68,2.33,1.46
user_twentyseven,5/8/2016,10677,Sunday,2534,695,147,27,32,0,3.25,1.53,2.31
user_twentyseven,5/9/2016,13566,Monday,2960,743,171,50,67,0,3.12,1.71,4.26
user_twentyseven,5/10/2016,14433,Tuesday,2800,1182,106,23,72,0,2.45,1.20,7.11
user_twentyseven,5/11/2016,9572,Wednesday,2735,757,128,40,57,0,2.23,1.39,2.89
user_twentyseven,5/12/2016,3789,Thursday,1199,343,58,4,5,0,1.89,0.27,0.38
user_twentyeight,4/12/2016,18060,Tuesday,3186,1193,123,8,116,0,2.10,0.39,11.64
user_twentyeight,4/13/2016,16433,Wednesday,3140,1177,156,12,95,0,2.45,0.47,10.43
user_twentyeight,4/14/2016,20159,Thursday,3411,1123,193,5,119,0,3.36,0.21,12.34
user_twentyeight,4/15/2016,20669,Friday,3410,1142,158,8,132,0,2.59,0.39,13.26
user_twentyeight,4/16/2016,14549,Saturday,2867,1255,83,6,96,0,1.49,0.27,9.36
user_twentyeight,4/17/2016,18827,Sunday,3213,1113,195,21,111,0,3.64,0.80,9.24
user_twentyeight,4/18/2016,17076,Monday,3133,1137,195,6,102,0,3.35,0.23,9.08
user_twentyeight,4/19/2016,15929,Tuesday,3114,1152,191,7,90,0,2.95,0.31,9.22
user_twentyeight,4/20/2016,15108,Wednesday,3043,695,158,5,89,0,2.38,0.23,9.58
user_twentyeight,4/21/2016,16057,Thursday,3103,1164,170,6,100,0,2.58,0.25,9.67
user_twentyeight,4/22/2016,10520,Friday,2655,1260,117,3,60,0,1.88,0.15,6.26
user_twentyeight,4/23/2016,22359,Saturday,3554,741,223,14,125,0,4.02,0.63,12.54
user_twentyeight,4/24/2016,22988,Sunday,3577,1096,182,33,129,0,3.26,1.55,13.13
user_twentyeight,4/25/2016,20500,Monday,3403,1104,209,9,118,0,3.86,0.46,11.37
user_twentyeight,4/26/2016,12685,Tuesday,2846,1182,185,5,68,0,3.10,0.20,6.31
user_twentyeight,4/27/2016,12422,Wednesday,2852,1187,183,10,60,0,2.93,0.43,6.46
user_twentyeight,4/28/2016,15447,Thursday,3062,1188,153,9,90,0,2.35,0.39,9.67
user_twentyeight,4/29/2016,12315,Friday,2794,1215,159,8,58,0,3.17,0.31,6.17
user_twentyeight,4/30/2016,7135,Saturday,2408,1281,131,1,27,0,2.54,0.06,2.99
user_twentyeight,5/1/2016,1170,Sunday,1886,1389,51,0,0,0,0.85,0.00,0.00
user_twentyeight,5/2/2016,1969,Monday,1988,1345,95,0,0,0,1.43,0.00,0.00
user_twentyeight,5/3/2016,15484,Tuesday,3023,1166,165,22,87,0,2.59,0.93,8.39
user_twentyeight,5/4/2016,14581,Wednesday,2918,1220,123,8,89,0,1.91,0.40,8.82
user_twentyeight,5/5/2016,14990,Thursday,2950,1208,130,9,93,0,2.21,0.45,8.85
user_twentyeight,5/6/2016,13953,Friday,2859,1245,90,15,90,0,1.21,0.69,9.10
user_twentyeight,5/7/2016,19769,Saturday,3331,1076,148,20,121,0,2.35,0.88,12.44
user_twentyeight,5/8/2016,22026,Sunday,3589,1073,228,14,125,0,3.66,0.59,13.40
user_twentyeight,5/9/2016,12465,Monday,2765,1214,148,12,66,0,2.69,0.57,6.12
user_twentyeight,5/10/2016,14810,Tuesday,2926,1219,115,10,96,0,1.85,0.42,9.09
user_twentyeight,5/11/2016,12209,Wednesday,2809,1189,184,7,60,0,3.04,0.28,6.08
user_twentyeight,5/12/2016,4998,Thursday,1505,839,39,4,28,0,0.76,0.20,2.95
user_twentynine,4/12/2016,9033,Tuesday,2044,1244,154,2,40,0,1.59,0.14,5.43
user_twentynine,4/13/2016,8053,Wednesday,1935,1298,96,11,35,0,1.31,0.63,4.17
user_twentynine,4/14/2016,5234,Thursday,1705,1362,33,16,29,0,0.54,0.99,1.93
user_twentynine,4/15/2016,2672,Friday,1632,1335,105,0,0,0,1.76,0.00,0.00
user_twentynine,4/16/2016,9256,Saturday,1880,1268,115,51,6,0,2.45,3.27,0.43
user_twentynine,4/17/2016,10204,Sunday,2112,1237,157,5,41,0,2.33,0.15,5.43
user_twentynine,4/18/2016,5151,Monday,1829,1278,130,16,16,0,1.80,0.63,1.04
user_twentynine,4/19/2016,4212,Tuesday,1763,1276,164,0,0,0,2.78,0.00,0.00
user_twentynine,4/20/2016,6466,Wednesday,1931,1201,216,18,5,0,3.11,0.82,0.33
user_twentynine,4/21/2016,11268,Thursday,2218,1199,172,20,49,0,1.75,0.93,5.88
user_twentynine,4/22/2016,2824,Friday,1651,1320,120,0,0,0,1.87,0.00,0.00
user_twentynine,4/23/2016,9282,Saturday,2132,1193,191,26,30,0,3.13,1.04,2.09
user_twentynine,4/24/2016,8905,Sunday,1976,1313,82,4,41,0,1.34,0.19,5.60
user_twentynine,4/25/2016,6829,Monday,1909,1261,118,54,7,0,1.77,2.39,0.36
user_twentynine,4/26/2016,4562,Tuesday,1813,1299,108,14,19,0,1.37,0.49,1.18
user_twentynine,4/27/2016,10232,Wednesday,2008,1286,104,5,45,0,1.70,0.23,6.24
user_twentynine,4/28/2016,2718,Thursday,1580,1393,20,16,11,0,0.34,0.78,0.67
user_twentynine,4/29/2016,6260,Friday,1854,1257,136,14,16,0,2.40,0.54,1.29
user_twentynine,4/30/2016,0,Saturday,0,1440,0,0,0,0,0.00,0.00,0.00
user_thirty,4/12/2016,7626,Tuesday,3635,723,156,15,65,0,4.50,0.71,0.83
user_thirty,4/13/2016,12386,Wednesday,4079,680,169,14,116,0,4.21,0.65,4.96
user_thirty,4/14/2016,13318,Thursday,4163,699,174,21,123,0,3.91,1.03,5.62
user_thirty,4/15/2016,14461,Friday,3666,729,190,23,60,0,5.41,1.15,4.91
user_thirty,4/16/2016,11207,Saturday,3363,563,142,21,64,0,2.44,1.07,5.37
user_thirty,4/17/2016,2132,Sunday,2572,599,93,0,0,0,1.69,0.00,0.00
user_thirty,4/18/2016,13630,Monday,4157,720,174,10,117,0,5.20,0.56,5.05
user_thirty,4/19/2016,13070,Tuesday,4092,737,154,19,120,0,4.18,0.88,5.30
user_thirty,4/20/2016,9388,Wednesday,3787,763,169,8,82,0,4.78,0.44,2.23
user_thirty,4/21/2016,15148,Thursday,4236,677,145,16,137,0,4.29,0.82,6.90
user_thirty,4/22/2016,12200,Friday,4044,769,159,12,113,0,4.18,0.59,4.91
user_thirty,4/23/2016,5709,Saturday,2908,740,136,10,19,0,2.48,0.52,1.52
user_thirty,4/24/2016,3703,Sunday,2741,734,135,0,0,0,2.94,0.00,0.00
user_thirty,4/25/2016,12405,Monday,4005,692,141,16,117,0,3.92,0.87,5.05
user_thirty,4/26/2016,16208,Tuesday,3763,593,161,18,90,0,4.42,0.92,7.51
user_thirty,4/27/2016,7359,Wednesday,3061,676,192,4,4,0,5.33,0.18,0.33
user_thirty,4/28/2016,5417,Thursday,2884,711,139,10,11,0,2.91,0.49,0.90
user_thirty,4/29/2016,6175,Friday,2982,767,172,7,3,0,4.27,0.36,0.25
user_thirty,4/30/2016,2946,Saturday,2660,780,121,0,0,0,2.34,0.00,0.00
user_thirty,5/1/2016,11419,Sunday,3369,669,127,10,71,0,2.47,0.56,6.03
user_thirty,5/2/2016,6064,Monday,3491,802,142,4,63,0,4.01,0.17,0.63
user_thirty,5/3/2016,8712,Tuesday,3784,822,195,20,71,0,4.50,1.06,1.34
user_thirty,5/4/2016,7875,Wednesday,3110,680,167,10,19,0,4.20,0.49,1.56
user_thirty,5/5/2016,8567,Thursday,3783,764,214,3,66,0,5.74,0.16,0.89
user_thirty,5/6/2016,7045,Friday,3644,831,166,5,74,0,3.78,0.25,1.55
user_thirty,5/7/2016,4468,Saturday,2799,851,158,0,0,0,3.54,0.00,0.00
user_thirty,5/8/2016,2943,Sunday,2685,621,139,0,0,0,2.33,0.00,0.00
user_thirty,5/9/2016,8382,Monday,3721,772,171,13,71,0,4.72,0.66,1.27
user_thirty,5/10/2016,6582,Tuesday,3586,840,152,13,63,0,3.92,0.64,0.66
user_thirty,5/11/2016,9143,Wednesday,3788,763,184,10,72,0,5.27,0.59,1.39
user_thirty,5/12/2016,4561,Thursday,1976,433,102,6,8,0,2.69,0.27,0.65
user_thirtyone,4/12/2016,5014,Tuesday,2650,1237,196,7,0,0,3.58,0.33,0.00
user_thirtyone,4/13/2016,5571,Wednesday,2654,1252,163,23,2,0,3.23,0.97,0.15
user_thirtyone,4/14/2016,3135,Thursday,2443,1306,134,0,0,0,2.43,0.00,0.00
user_thirtyone,4/15/2016,3430,Friday,2505,1375,65,0,0,0,0.90,0.00,0.00
user_thirtyone,4/16/2016,5319,Saturday,2693,1440,0,0,0,0,0.00,0.00,0.00
user_thirtyone,4/17/2016,3008,Sunday,2439,1440,0,0,0,0,0.00,0.00,0.00
user_thirtyone,4/18/2016,3864,Monday,2536,1309,105,22,4,0,1.35,1.06,0.31
user_thirtyone,4/19/2016,5697,Tuesday,2668,1257,166,10,7,0,3.44,0.48,0.53
user_thirtyone,4/20/2016,5273,Wednesday,2647,1246,167,27,0,0,3.07,1.04,0.00
user_thirtyone,4/21/2016,8538,Thursday,2883,1229,158,18,35,0,3.01,1.02,2.63
user_thirtyone,4/22/2016,8687,Friday,2944,1170,212,54,4,0,4.08,2.41,0.29
user_thirtyone,4/23/2016,9423,Saturday,3012,1151,238,44,7,0,4.75,2.03,0.53
user_thirtyone,4/24/2016,8286,Sunday,2889,1188,206,44,2,0,4.27,2.05,0.15
user_thirtyone,4/25/2016,4503,Monday,2547,1294,122,6,18,0,1.81,0.24,1.47
user_thirtyone,4/26/2016,10499,Tuesday,3093,1134,214,91,1,0,3.89,4.22,0.07
user_thirtyone,4/27/2016,12474,Wednesday,3142,1229,129,5,77,0,2.87,0.27,6.60
user_thirtyone,4/28/2016,6174,Thursday,2757,1209,203,28,0,0,3.61,1.20,0.00
user_thirtyone,4/29/2016,15168,Friday,3513,1069,258,67,46,0,4.92,3.00,3.90
user_thirtyone,4/30/2016,10085,Saturday,3164,1093,317,28,2,0,6.43,1.28,0.15
user_thirtyone,5/1/2016,4512,Sunday,2596,1311,117,2,10,0,2.04,0.12,0.78
user_thirtyone,5/2/2016,8469,Monday,2894,1440,0,0,0,0,0.00,0.00,0.00
user_thirtyone,5/3/2016,12015,Tuesday,3212,1440,0,0,0,0,0.00,0.00,0.00
user_thirtyone,5/4/2016,3588,Wednesday,2516,1440,0,0,0,0,0.00,0.00,0.00
user_thirtyone,5/5/2016,12427,Thursday,3266,1370,70,0,0,0,1.18,0.00,0.00
user_thirtyone,5/6/2016,5843,Friday,2683,1250,166,22,2,0,3.23,1.19,0.14
user_thirtyone,5/7/2016,6117,Saturday,2810,1190,250,0,0,0,4.77,0.00,0.00
user_thirtyone,5/8/2016,9217,Sunday,2940,1183,182,72,3,0,3.66,3.31,0.22
user_thirtyone,5/9/2016,9877,Monday,2947,1260,110,4,66,0,1.73,0.17,5.76
user_thirtyone,5/10/2016,8240,Tuesday,2846,1226,162,43,9,0,3.72,2.01,0.69
user_thirtyone,5/11/2016,8701,Wednesday,2804,1106,177,71,5,0,3.17,3.24,0.37
user_thirtyone,5/12/2016,0,Thursday,0,1440,0,0,0,0,0.00,0.00,0.00
user_thirtytwo,4/12/2016,2564,Tuesday,2044,831,116,0,0,0,1.64,0.00,0.00
user_thirtytwo,4/13/2016,1320,Wednesday,1934,806,82,0,0,0,0.84,0.00,0.00
user_thirtytwo,4/14/2016,1219,Thursday,1963,853,84,0,0,0,0.78,0.00,0.00
user_thirtytwo,4/15/2016,2483,Friday,2009,937,126,0,0,0,1.59,0.00,0.00
user_thirtytwo,4/16/2016,244,Saturday,1721,1428,12,0,0,0,0.16,0.00,0.00
user_thirtytwo,4/17/2016,0,Sunday,1688,1440,0,0,0,0,0.00,0.00,0.00
user_thirtytwo,4/18/2016,0,Monday,1688,1440,0,0,0,0,0.00,0.00,0.00
user_thirtytwo,4/19/2016,0,Tuesday,1688,1440,0,0,0,0,0.00,0.00,0.00
user_thirtytwo,4/20/2016,3147,Wednesday,2188,744,139,10,0,0,1.74,0.28,0.00
user_thirtytwo,4/21/2016,144,Thursday,1720,1431,9,0,0,0,0.09,0.00,0.00
user_thirtytwo,4/22/2016,4068,Friday,2419,817,195,20,1,0,2.27,0.28,0.05
user_thirtytwo,4/23/2016,5245,Saturday,2748,795,232,45,8,0,2.75,0.44,0.16
user_thirtytwo,4/24/2016,400,Sunday,1799,1410,19,8,3,0,0.16,0.05,0.04
user_thirtytwo,4/25/2016,0,Monday,1688,1440,0,0,0,0,0.00,0.00,0.00
user_thirtytwo,4/26/2016,1321,Tuesday,1928,1360,80,0,0,0,0.85,0.00,0.00
user_thirtytwo,4/27/2016,1758,Wednesday,2067,900,112,0,0,0,1.13,0.00,0.00
user_thirtytwo,4/28/2016,6157,Thursday,2780,714,310,0,0,0,3.94,0.00,0.00
user_thirtytwo,4/29/2016,8360,Friday,3101,634,380,14,6,0,4.93,0.28,0.14
user_thirtytwo,4/30/2016,7174,Saturday,2896,749,301,20,10,0,3.91,0.36,0.33
user_thirtytwo,5/1/2016,1619,Sunday,1962,834,79,0,0,0,1.04,0.00,0.00
user_thirtytwo,5/2/2016,1831,Monday,2015,916,101,0,0,0,1.17,0.00,0.00
user_thirtytwo,5/3/2016,2421,Tuesday,2297,739,156,0,0,0,1.55,0.00,0.00
user_thirtytwo,5/4/2016,2283,Wednesday,2067,848,129,0,0,0,1.46,0.00,0.00
user_thirtytwo,5/5/2016,0,Thursday,1688,1440,0,0,0,0,0.00,0.00,0.00
user_thirtytwo,5/6/2016,0,Friday,1688,1440,0,0,0,0,0.00,0.00,0.00
user_thirtytwo,5/7/2016,0,Saturday,1688,1440,0,0,0,0,0.00,0.00,0.00
user_thirtytwo,5/8/2016,0,Sunday,1688,1440,0,0,0,0,0.00,0.00,0.00
user_thirtytwo,5/9/2016,0,Monday,1688,1440,0,0,0,0,0.00,0.00,0.00
user_thirtytwo,5/10/2016,0,Tuesday,57,48,0,0,0,0,0.00,0.00,0.00
user_thirtythree,4/12/2016,23186,Tuesday,3921,1036,312,7,85,0,7.82,0.34,12.22
user_thirtythree,4/13/2016,15337,Wednesday,3566,1098,216,18,108,0,5.64,0.38,3.55
user_thirtythree,4/14/2016,21129,Thursday,3793,1061,298,13,68,0,7.75,0.59,10.55
user_thirtythree,4/15/2016,13422,Friday,3934,1052,281,1,106,0,7.01,0.05,0.05
user_thirtythree,4/16/2016,29326,Saturday,4547,888,429,29,94,0,10.71,1.21,13.24
user_thirtythree,4/17/2016,15118,Sunday,3545,1060,307,15,58,0,8.79,0.07,0.00
user_thirtythree,4/18/2016,11423,Monday,2761,1215,191,5,29,0,5.94,0.27,2.44
user_thirtythree,4/19/2016,18785,Tuesday,3676,1131,214,13,82,0,5.03,0.18,12.15
user_thirtythree,4/20/2016,19948,Wednesday,3679,1123,225,19,73,0,6.34,0.69,11.02
user_thirtythree,4/21/2016,19377,Thursday,3659,1119,226,13,82,0,4.89,0.42,12.29
user_thirtythree,4/22/2016,18258,Friday,3427,1141,236,2,61,0,5.97,0.03,10.23
user_thirtythree,4/23/2016,11200,Saturday,3891,1032,300,6,102,0,7.40,0.00,0.00
user_thirtythree,4/24/2016,16674,Sunday,3455,1148,227,1,64,0,4.69,0.01,11.01
user_thirtythree,4/25/2016,12986,Monday,3802,1101,218,8,113,0,6.27,0.07,2.37
user_thirtythree,4/26/2016,11101,Tuesday,2860,1157,258,3,22,0,6.50,0.13,1.76
user_thirtythree,4/27/2016,23629,Wednesday,3808,1104,235,8,93,0,7.10,0.44,13.07
user_thirtythree,4/28/2016,14890,Thursday,3060,1143,231,8,58,0,5.97,0.38,4.93
user_thirtythree,4/29/2016,9733,Friday,2698,1207,210,5,18,0,5.79,0.17,1.38
user_thirtythree,4/30/2016,27745,Saturday,4398,1089,223,4,124,0,4.93,0.08,21.66
user_thirtythree,5/1/2016,10930,Sunday,2786,1226,166,12,36,0,4.57,0.57,3.13
user_thirtythree,5/2/2016,4790,Monday,2189,1335,105,0,0,0,3.56,0.00,0.00
user_thirtythree,5/3/2016,10818,Tuesday,2817,1189,229,3,19,0,6.67,0.10,1.39
user_thirtythree,5/4/2016,18193,Wednesday,3477,1154,212,8,66,0,5.53,0.31,10.42
user_thirtythree,5/5/2016,14055,Thursday,3052,1170,188,15,67,0,4.37,0.82,5.46
user_thirtythree,5/6/2016,21727,Friday,4015,1095,232,17,96,0,6.16,0.29,12.79
user_thirtythree,5/7/2016,12332,Saturday,4142,1036,271,28,105,0,6.99,0.96,0.08
user_thirtythree,5/8/2016,10686,Sunday,2847,1174,245,4,17,0,6.80,0.20,1.08
user_thirtythree,5/9/2016,20226,Monday,3710,1131,217,19,73,0,6.24,0.80,11.10
user_thirtythree,5/10/2016,10733,Tuesday,2832,1187,224,11,18,0,6.28,0.46,1.35
user_thirtythree,5/11/2016,21420,Wednesday,3832,1127,213,12,88,0,5.89,0.41,13.22
user_thirtythree,5/12/2016,8064,Thursday,1849,770,137,1,23,0,4.25,0.04,1.82